Match_date,teamName,homeAway,Ball Possession,Goal Attempts,Shots On,Shots Off,Blocked Shots,Free kick,Offsides,Throw Ins,Saves,Fouls Commited,Red Cards,Yellow Cards,Assists 1st Half,Assists 2nd Half,Ball Possession 1st Half,Ball Possession 2nd Half,Blockes Shots 1st Half,Blockes Shots 2nd Half,Corners,Corners 1st Half,Corners 2nd Half,Counter Attacks,Counter Attacks 1st Half,Counter Attacks 2nd Half,Crosses,Crosses 1st Half,Crosses 2nd Half,Fouls Commited 1st Half,Fouls Commited 2nd Half,Free kick 1st Half,Free kick 2nd Half,Goal Attempts 1st Half,Goal Attempts 2nd Half,Goal Kick,Goal Kick 1st Half,Goal Kick 2nd Half,Goals 1st Half,Goals 2nd Half,Offsides 1st Half,Offsides 2nd Half,Red Cards 1st Half,Red Cards 2nd Half,Saves 1st Half,Saves 2nd Half,Shots Off 1st Half,Shots Off 2nd Half,Shots On 1st Half,Shots On 2nd Half,Substitute,Substitute 1st Half,Substitute 2nd Half,Throw Ins 1st Half,Throw Ins 2nd Half,Treatment 1st Half,Treatment 2nd Half,Yellow Cards 1st Half,Yellow Cards 2nd Half,Result
Match date: 31-08-2022 / 21:30,MANCHESTER CITY,1,75,17,9,6,2,9,2,15,1,9,0,0,1,1,78,75,1,1,10,5,5,2,1,1,22,15,7,4,5,5,4,9,8,4,1,3,3,3,2,0,0,0,0,1,4,2,4,5,5,0,5,9,6,0,0,0,0,W
Match date: 31-08-2022 / 21:30,NOTTINGHAM FOREST,2,25,8,1,4,3,11,2,10,3,7,0,1,0,0,22,25,0,3,1,0,1,3,1,2,6,3,3,4,3,6,5,1,7,9,5,4,0,0,1,1,0,0,1,2,1,3,0,1,5,0,5,5,5,0,0,0,1,L
Match date: 31-08-2022 / 21:30,ARSENAL,1,60,22,8,5,9,15,1,15,2,10,0,2,0,1,67,60,7,2,10,7,3,4,1,3,16,12,4,2,8,7,8,15,7,5,1,4,1,1,1,0,0,0,1,1,2,3,6,2,4,0,4,12,3,0,1,1,1,W
Match date: 31-08-2022 / 21:30,ASTON VILLA,2,40,5,3,2,0,11,1,13,6,14,0,3,0,0,33,40,0,0,3,0,3,2,1,1,9,0,9,7,7,3,8,2,3,12,6,6,0,1,0,1,0,0,5,1,1,1,1,2,3,0,3,6,7,0,0,1,2,L
Match date: 31-08-2022 / 21:30,BOURNEMOUTH,1,34,5,2,2,1,15,0,21,3,12,0,2,0,0,38,34,0,1,2,0,2,1,1,0,8,2,6,7,5,9,6,1,4,12,5,7,0,0,0,0,0,0,2,1,1,1,0,2,3,0,3,11,10,0,3,0,2,D
Match date: 31-08-2022 / 21:30,WOLVERHAMPTON,2,66,17,3,9,5,12,3,16,2,12,0,1,0,0,62,66,1,4,5,2,3,2,2,0,25,9,16,7,5,7,5,6,11,1,0,1,0,0,2,1,0,0,0,2,3,6,2,1,3,0,3,9,7,6,0,0,1,D
Match date: 31-08-2022 / 21:45,WEST HAM,1,38,14,4,8,2,9,1,16,4,10,0,2,0,1,40,38,1,1,3,3,0,3,1,2,16,10,6,3,7,4,5,7,7,5,1,4,0,1,1,0,0,0,3,1,3,5,3,1,3,0,3,10,6,3,3,0,2,D
Match date: 31-08-2022 / 21:45,TOTTENHAM,2,62,12,4,2,6,11,0,19,3,9,0,5,0,0,60,62,3,3,4,0,4,6,5,1,21,7,14,4,5,4,7,6,6,10,6,4,1,0,0,0,0,0,3,0,0,2,3,1,1,0,1,8,11,3,4,2,3,D
Match date: 31-08-2022 / 22:00,LIVERPOOL,1,72,23,6,9,8,12,2,24,1,9,0,0,0,2,72,72,3,5,13,8,5,8,5,3,49,20,29,5,4,2,10,5,18,6,2,4,0,2,1,1,0,0,1,0,2,7,0,6,3,0,3,12,12,3,0,0,0,W
Match date: 31-08-2022 / 22:00,NEWCASTLE,2,28,5,2,3,0,11,2,12,4,10,0,2,1,0,28,28,0,0,0,0,0,5,2,3,12,6,6,2,8,6,5,4,1,9,2,7,1,0,0,2,0,0,0,4,2,1,2,0,3,0,3,7,5,1,1,0,2,L
Match date: 01-09-2022 / 22:00,LEICESTER,1,53,10,2,4,4,17,0,18,1,7,0,1,0,0,48,53,0,4,1,0,1,4,1,3,12,6,6,5,2,8,9,2,8,4,2,2,0,0,0,0,0,0,1,0,1,3,1,1,2,0,2,9,9,0,3,0,1,L
Match date: 01-09-2022 / 22:00,MANCHESTER UTD,2,47,8,2,3,3,7,2,24,2,15,0,3,1,0,52,47,3,0,3,2,1,12,5,7,13,9,4,6,9,5,2,6,2,8,4,4,1,0,2,0,0,0,1,1,1,2,2,0,3,0,3,12,12,0,0,2,1,W
Match date: 03-09-2022 / 14:30,EVERTON,1,39,12,3,5,4,13,3,22,8,7,0,2,0,0,33,39,2,2,7,1,6,5,2,3,15,7,8,7,0,6,7,6,6,11,5,6,0,0,0,3,0,0,1,7,3,2,1,2,2,0,2,11,11,0,3,1,1,D
Match date: 03-09-2022 / 14:30,LIVERPOOL,2,61,20,8,7,5,10,2,35,3,11,0,2,0,0,67,61,2,3,9,2,7,0,0,0,33,18,15,5,6,7,3,6,14,7,4,3,0,0,1,1,0,0,1,2,3,4,1,7,5,0,5,19,16,4,0,0,2,D
Match date: 03-09-2022 / 17:00,BRENTFORD,1,32,14,8,6,0,11,1,14,4,8,0,2,0,0,33,32,0,0,2,1,1,1,0,1,10,6,4,3,5,6,5,5,9,8,3,5,2,3,1,0,0,0,1,3,2,4,3,5,5,0,5,4,10,0,4,0,2,W
Match date: 03-09-2022 / 17:00,LEEDS,2,68,15,6,7,2,9,1,22,3,10,0,2,0,1,67,68,1,1,6,3,3,1,1,0,13,7,6,6,4,4,5,4,11,8,3,5,1,1,0,1,0,0,1,2,1,6,2,4,5,0,5,15,7,0,3,1,1,L
Match date: 03-09-2022 / 17:00,TOTTENHAM,1,52,23,10,7,6,6,3,18,2,9,0,3,1,0,57,52,2,4,10,6,4,1,0,1,17,11,6,7,2,1,5,9,14,7,4,3,1,1,2,1,0,0,0,2,4,3,3,7,2,0,2,7,11,0,3,1,2,W
Match date: 03-09-2022 / 17:00,FULHAM,2,48,9,3,4,2,12,0,26,8,6,0,4,0,1,43,48,1,1,3,1,2,3,0,3,19,10,9,1,5,9,3,3,6,5,4,1,0,1,0,0,0,0,2,6,2,2,0,3,5,1,4,10,16,4,0,1,3,L
Match date: 03-09-2022 / 17:00,WOLVERHAMPTON,1,51,7,2,4,1,14,1,16,1,10,0,4,1,0,56,51,0,1,5,3,2,6,3,3,17,12,5,5,5,8,6,4,,11,5,6,1,0,0,1,0,,0,1,2,2,2,0,3,0,3,8,8,5,3,1,,W
Match date: 03-09-2022 / 17:00,SOUTHAMPTON,2,49,12,1,7,4,11,0,16,1,14,0,2,0,0,44,49,2,2,6,4,2,1,1,0,26,8,18,8,6,5,6,6,,8,4,4,0,0,0,0,0,,1,0,4,3,0,1,5,0,5,7,9,0,0,1,,L
Match date: 03-09-2022 / 17:00,NOTTINGHAM FOREST,1,52,9,3,3,3,11,1,20,0,13,0,2,1,0,55,52,2,1,4,3,1,0,0,0,28,11,17,7,6,7,4,5,4,6,1,5,2,0,1,0,0,0,0,0,1,2,2,1,3,0,3,13,7,3,3,1,1,L
Match date: 03-09-2022 / 17:00,BOURNEMOUTH,2,48,8,3,2,3,14,1,27,1,10,0,1,0,3,45,48,1,2,6,2,4,1,0,1,16,6,10,7,3,8,6,1,7,6,3,3,0,3,0,1,0,0,0,1,0,2,0,3,4,0,4,14,13,3,1,1,0,W
Match date: 03-09-2022 / 17:00,NEWCASTLE,1,52,24,5,8,11,13,2,16,9,19,0,2,0,0,51,52,7,4,13,6,7,1,1,0,39,21,18,6,13,6,7,15,,4,2,2,0,0,2,0,0,,4,5,4,4,4,1,4,0,4,3,13,3,0,1,,D
Match date: 03-09-2022 / 17:00,CRYSTAL PALACE,2,48,19,9,4,6,21,1,18,5,12,0,2,0,0,49,48,2,4,5,1,4,1,0,1,16,4,12,6,6,8,13,7,,11,6,5,0,0,0,1,0,,4,1,1,3,4,5,3,0,3,10,8,1,0,0,,D
Match date: 03-09-2022 / 17:00,CHELSEA,1,69,7,3,2,2,12,1,17,2,6,0,4,0,2,72,69,2,0,10,8,2,1,0,1,28,15,13,3,3,5,7,3,4,2,2,0,0,2,1,0,0,0,0,2,1,1,0,3,5,0,5,8,9,3,0,2,2,W
Match date: 03-09-2022 / 17:00,WEST HAM,2,31,6,3,2,1,7,1,20,1,11,0,2,0,1,28,31,0,1,3,0,3,4,1,3,11,4,7,5,6,4,3,1,5,11,4,7,0,1,0,1,0,0,0,1,1,1,0,3,3,0,3,12,8,3,3,0,2,L
Match date: 03-09-2022 / 19:30,ASTON VILLA,1,27,3,1,1,1,9,5,16,3,7,0,2,0,1,30,27,1,0,1,1,0,2,1,1,6,4,2,2,5,3,6,1,2,10,5,5,0,1,2,3,0,0,0,3,0,1,0,1,3,1,2,11,5,3,1,1,1,D
Match date: 03-09-2022 / 19:30,MANCHESTER CITY,2,73,12,4,5,3,12,3,18,0,6,0,0,0,1,70,73,2,1,4,3,1,0,0,0,16,8,8,3,3,4,8,4,8,3,1,2,0,1,0,3,0,0,0,0,2,3,0,4,2,0,2,12,6,0,0,0,0,D
Match date: 04-09-2022 / 16:00,BRIGHTON,1,54,23,11,5,7,11,2,14,2,6,0,1,1,1,51,54,5,2,10,3,7,6,3,3,25,12,13,2,4,5,6,12,11,4,1,3,2,3,1,1,0,0,1,1,5,0,2,9,4,0,4,9,5,3,0,1,0,W
Match date: 04-09-2022 / 16:00,LEICESTER,2,46,6,4,1,1,8,3,17,7,8,0,1,2,0,49,46,1,0,1,1,0,4,3,1,9,5,4,4,4,3,5,4,2,10,6,4,2,0,1,2,0,0,1,6,0,1,3,1,4,0,4,9,8,3,0,1,0,L
Match date: 04-09-2022 / 18:30,MANCHESTER UTD,1,40,8,6,2,0,9,4,16,2,13,0,3,1,2,46,40,0,0,2,0,2,4,0,4,6,4,2,5,8,6,3,5,3,11,5,6,1,2,0,4,0,0,1,1,2,0,3,3,4,0,4,10,6,6,3,0,3,W
Match date: 04-09-2022 / 18:30,ARSENAL,2,60,17,3,8,6,17,0,18,3,9,0,3,0,0,54,60,5,1,5,3,2,2,1,1,19,9,10,6,3,5,12,9,8,3,2,1,0,1,0,0,0,0,2,1,3,5,1,2,4,0,4,8,10,3,3,1,2,L
Match date: 16-09-2022 / 22:00,NOTTINGHAM FOREST,1,40,10,3,4,3,12,2,17,3,10,0,2,1,0,31,40,3,0,2,1,1,0,0,0,12,7,5,5,5,6,6,5,5,6,2,4,1,1,1,1,0,0,2,1,1,3,1,2,5,0,5,5,12,0,2,2,0,L
Match date: 16-09-2022 / 22:00,FULHAM,2,60,14,6,3,5,12,2,13,1,10,0,4,0,3,69,60,3,2,10,5,5,1,1,0,16,11,5,4,6,6,6,6,8,6,1,5,0,3,2,0,0,0,0,1,1,2,2,4,4,0,4,7,6,0,0,1,3,W
Match date: 16-09-2022 / 22:00,ASTON VILLA,1,52,13,4,4,5,13,1,27,1,13,0,3,0,0,55,52,4,1,6,5,1,2,1,1,20,15,5,5,8,5,8,9,4,8,5,3,1,0,1,0,0,0,0,1,2,2,3,1,4,1,3,15,12,1,1,1,2,W
Match date: 16-09-2022 / 22:00,SOUTHAMPTON,2,48,7,1,3,3,14,0,27,3,13,0,1,0,0,45,48,1,2,3,2,1,1,1,0,14,7,7,5,8,6,8,2,5,7,5,2,0,0,0,0,0,0,2,1,1,2,0,1,5,0,5,11,16,3,0,0,1,L
Match date: 17-09-2022 / 14:30,WOLVERHAMPTON,1,41,6,1,4,1,10,0,15,4,7,1,2,0,0,40,41,1,0,5,2,3,1,1,0,9,2,7,4,3,6,4,5,1,8,4,4,0,0,0,0,1,0,2,2,3,1,1,0,4,0,4,7,8,0,0,0,2,L
Match date: 17-09-2022 / 14:30,MANCHESTER CITY,2,59,15,7,4,4,7,1,16,1,9,0,1,2,1,60,59,3,1,7,2,5,4,2,2,18,8,10,6,3,4,3,9,6,5,4,1,2,1,0,1,0,0,1,0,2,2,4,3,5,0,5,8,8,3,0,1,0,W
Match date: 17-09-2022 / 17:00,NEWCASTLE,1,73,20,7,8,5,12,3,26,2,10,0,2,0,0,69,73,0,5,8,4,4,0,0,0,33,13,20,7,3,8,4,6,,6,3,3,0,1,1,2,0,,1,1,2,6,4,3,3,0,3,10,16,3,0,0,,D
Match date: 17-09-2022 / 17:00,BOURNEMOUTH,2,27,10,3,5,2,13,1,14,6,11,0,2,0,1,31,27,0,2,1,0,1,7,2,5,8,5,3,8,3,8,5,3,,11,3,8,0,1,0,1,0,,4,2,2,3,1,2,4,0,4,11,3,5,0,2,,D
Match date: 17-09-2022 / 19:30,TOTTENHAM,1,44,17,11,2,4,9,1,17,5,9,0,1,2,3,41,44,2,2,6,4,2,8,0,8,15,10,5,4,5,4,5,6,11,7,4,3,2,4,0,1,0,0,2,3,1,1,3,8,4,0,4,10,7,0,0,0,1,W
Match date: 17-09-2022 / 19:30,LEICESTER,2,56,19,7,7,5,10,0,8,5,9,0,2,1,0,59,56,4,1,1,0,1,2,1,1,13,7,6,4,5,4,6,13,6,2,1,1,2,0,0,0,0,0,1,4,5,2,4,3,3,0,3,2,6,0,0,0,2,L
Match date: 18-09-2022 / 14:00,BRENTFORD,1,36,5,2,3,0,11,3,18,4,10,0,0,0,0,34,36,0,0,3,2,1,0,0,0,18,9,9,3,7,3,8,2,3,4,3,1,0,0,1,2,0,0,1,3,1,2,1,1,4,0,4,13,5,0,2,0,0,L
Match date: 18-09-2022 / 14:00,ARSENAL,2,64,13,7,4,2,13,1,18,2,10,0,2,2,1,66,64,1,1,3,1,2,3,3,0,13,8,5,2,8,4,9,7,6,6,3,3,2,1,1,0,0,0,1,1,3,1,3,4,5,0,5,9,9,3,1,0,2,W
Match date: 18-09-2022 / 16:15,EVERTON,1,53,7,2,4,1,12,1,19,4,8,0,3,0,1,55,53,0,1,5,2,3,1,1,0,18,12,6,3,5,8,4,2,5,7,1,6,0,1,0,1,0,0,2,2,2,2,0,2,3,0,3,14,5,0,4,1,2,W
Match date: 18-09-2022 / 16:15,WEST HAM,2,47,14,4,4,6,9,1,21,1,11,0,1,0,0,45,47,2,4,14,8,6,1,1,0,26,11,15,7,4,3,6,4,10,10,7,3,0,0,1,0,0,0,0,1,0,4,2,2,4,0,4,13,8,1,0,0,1,L
Match date: 01-10-2022 / 14:30,ARSENAL,1,65,22,9,9,4,13,1,17,2,10,0,2,1,1,59,65,1,3,5,4,1,3,3,0,23,13,10,8,2,7,6,9,13,3,2,1,1,2,1,0,0,0,2,0,4,5,4,5,5,0,5,7,10,0,2,0,2,W
Match date: 01-10-2022 / 14:30,TOTTENHAM,2,35,7,3,2,2,11,3,17,6,10,1,1,0,0,41,35,0,2,2,1,1,3,2,1,11,8,3,5,5,9,2,4,3,12,4,8,1,0,2,1,0,1,3,3,1,1,3,0,5,0,5,6,11,0,0,0,1,L
Match date: 01-10-2022 / 17:00,BOURNEMOUTH,1,41,7,1,4,2,12,1,10,4,11,0,1,0,0,43,41,1,1,7,2,5,1,0,1,11,6,5,2,9,6,6,2,5,11,5,6,0,0,0,1,0,0,4,0,1,3,0,1,1,0,1,4,6,3,0,0,1,D
Match date: 01-10-2022 / 17:00,BRENTFORD,2,59,14,4,5,5,12,2,19,1,10,0,2,0,0,57,59,1,4,8,6,2,1,1,0,18,11,7,5,5,2,10,9,5,9,4,5,0,0,1,1,0,0,0,1,4,1,4,0,5,0,5,11,8,0,1,1,1,D
Match date: 01-10-2022 / 17:00,LIVERPOOL,1,54,15,7,4,4,13,1,25,3,9,0,1,1,1,54,54,3,1,9,4,5,4,0,4,21,10,11,4,5,5,8,9,6,1,0,1,1,2,1,0,0,0,2,1,3,1,3,4,5,0,5,10,15,0,0,0,1,D
Match date: 01-10-2022 / 17:00,BRIGHTON,2,46,6,6,0,0,10,0,14,5,13,0,1,2,0,46,46,0,0,2,1,1,1,1,0,15,6,9,5,8,5,5,4,2,11,6,5,2,1,0,0,0,0,2,3,0,0,4,2,3,0,3,7,7,0,1,1,0,D
Match date: 01-10-2022 / 17:00,CRYSTAL PALACE,1,35,7,3,4,0,15,1,15,1,10,0,1,1,0,25,35,0,0,5,3,2,1,1,0,7,3,4,5,5,6,9,5,2,10,5,5,1,0,1,0,0,0,0,1,3,1,2,1,4,1,3,9,6,2,3,1,0,L
Match date: 01-10-2022 / 17:00,CHELSEA,2,65,13,3,7,3,11,0,24,2,15,0,3,1,1,75,65,2,1,2,1,1,1,0,1,14,8,6,6,9,6,5,8,5,5,3,2,1,1,0,0,0,0,1,1,5,2,1,2,4,0,4,12,12,0,0,1,2,W
Match date: 01-10-2022 / 17:00,FULHAM,1,31,4,1,2,1,17,4,16,6,8,1,2,0,1,24,31,0,1,1,0,1,4,0,4,8,2,6,4,4,6,11,0,4,10,5,5,0,1,2,2,1,0,4,2,0,2,0,1,4,3,1,10,6,2,0,1,1,L
Match date: 01-10-2022 / 17:00,NEWCASTLE,2,69,20,10,5,5,12,8,14,0,9,0,0,2,1,76,69,3,2,8,4,4,10,1,9,18,14,4,2,7,6,6,13,7,3,0,3,3,1,4,4,0,0,0,0,3,2,7,3,5,0,5,9,5,1,0,0,0,W
Match date: 01-10-2022 / 17:00,SOUTHAMPTON,1,54,14,6,6,2,11,0,30,3,11,0,2,0,1,45,54,0,2,7,0,7,1,0,1,20,4,16,6,5,2,9,3,11,7,4,3,0,1,0,0,0,0,2,1,2,4,1,5,4,0,4,15,15,0,3,1,1,L
Match date: 01-10-2022 / 17:00,EVERTON,2,46,14,5,5,4,11,1,15,5,10,0,2,0,2,55,46,3,1,6,6,0,2,2,0,10,7,3,1,9,6,5,7,7,11,6,5,0,2,1,0,0,0,1,4,2,3,2,3,4,0,4,12,3,0,1,0,2,W
Match date: 01-10-2022 / 19:30,WEST HAM,1,38,18,5,4,9,7,2,11,4,9,0,2,0,0,36,38,3,6,1,0,1,2,0,2,7,3,4,6,3,3,4,7,11,15,5,10,1,1,1,1,0,0,3,1,2,2,2,3,3,1,2,4,7,1,3,0,2,W
Match date: 01-10-2022 / 19:30,WOLVERHAMPTON,2,62,15,4,7,4,11,1,21,3,6,0,2,0,0,64,62,1,3,6,3,3,1,0,1,18,5,13,3,3,7,4,5,10,6,4,2,0,0,0,1,0,0,1,2,1,6,3,1,4,1,3,11,10,4,0,2,0,L
Match date: 02-10-2022 / 16:00,MANCHESTER CITY,1,54,21,10,5,6,9,1,11,5,3,0,0,4,2,62,54,5,1,5,2,3,1,1,0,19,12,7,1,2,5,4,15,6,9,2,7,4,2,1,0,0,0,2,3,3,2,7,3,5,1,4,8,3,1,0,0,0,W
Match date: 02-10-2022 / 16:00,MANCHESTER UTD,2,46,11,8,2,1,4,0,17,4,9,0,3,0,1,38,46,1,0,1,0,1,0,0,0,5,2,3,5,4,2,2,3,8,8,5,3,0,3,0,0,0,0,3,1,0,2,2,6,5,1,4,5,12,3,0,2,1,L
Match date: 02-10-2022 / 18:30,LEEDS,1,44,6,1,2,3,14,0,18,7,23,1,3,0,0,63,44,2,1,2,1,1,0,0,0,8,6,2,11,12,8,6,4,2,8,1,7,0,0,0,0,0,1,5,2,2,0,0,1,5,0,5,15,3,0,3,3,0,D
Match date: 02-10-2022 / 18:30,ASTON VILLA,2,56,19,7,8,4,23,2,16,1,12,0,2,0,0,37,56,2,2,9,5,4,3,3,0,25,9,16,7,5,11,12,7,12,4,3,1,0,0,1,1,0,0,0,1,0,8,5,2,3,1,2,5,11,4,0,1,1,D
Match date: 03-10-2022 / 22:00,LEICESTER,1,51,17,7,6,4,16,3,13,3,13,0,2,1,1,57,51,3,1,6,3,3,3,1,2,8,5,3,4,9,11,5,12,5,6,2,4,3,1,2,1,0,0,0,3,4,2,5,2,4,0,4,7,6,0,3,0,2,W
Match date: 03-10-2022 / 22:00,NOTTINGHAM FOREST,2,49,10,3,4,3,16,4,18,3,12,0,4,0,0,43,49,3,0,6,3,3,1,0,1,11,4,7,9,3,6,10,4,6,8,4,4,0,0,2,2,0,0,2,1,1,3,0,3,5,0,5,5,13,0,0,2,2,L
Match date: 08-10-2022 / 17:00,CHELSEA,1,59,20,7,10,3,8,3,19,2,8,0,2,1,2,70,59,3,0,4,4,0,1,0,1,20,16,4,2,6,1,7,15,5,7,4,3,1,2,1,2,0,0,1,1,8,2,4,3,5,0,5,10,9,3,0,1,1,W
Match date: 08-10-2022 / 17:00,WOLVERHAMPTON,2,41,9,2,5,2,11,0,23,4,8,0,0,0,0,30,41,0,2,2,0,2,2,1,1,14,3,11,1,7,3,8,4,5,13,10,3,0,0,0,0,0,0,3,1,3,2,1,1,4,0,4,12,11,0,0,0,0,L
Match date: 08-10-2022 / 17:00,NEWCASTLE,1,53,15,6,3,6,12,1,18,2,14,0,0,2,0,61,53,3,3,9,6,3,6,3,3,13,9,4,5,9,8,4,7,8,5,3,2,2,3,1,0,0,0,1,1,0,3,4,2,5,0,5,11,7,6,1,0,0,W
Match date: 08-10-2022 / 17:00,BRENTFORD,2,47,7,3,1,3,15,3,14,2,9,0,1,0,0,39,47,0,3,5,0,5,2,0,2,14,4,10,6,3,6,9,1,6,7,2,5,0,1,2,1,0,0,2,0,0,1,1,2,5,0,5,5,9,0,0,1,0,L
Match date: 08-10-2022 / 17:00,MANCHESTER CITY,1,66,21,8,9,4,9,1,11,0,4,0,0,2,2,64,66,2,2,9,4,5,2,1,1,22,11,11,3,1,4,5,12,9,4,1,3,2,2,0,1,0,0,0,0,5,4,5,3,5,0,5,7,4,0,0,0,0,W
Match date: 08-10-2022 / 17:00,SOUTHAMPTON,2,34,5,0,3,2,5,1,9,4,8,0,1,0,0,36,34,0,2,1,0,1,1,0,1,6,2,4,3,5,3,2,1,4,12,6,6,0,0,1,0,0,0,3,1,1,2,0,0,4,0,4,5,4,3,0,1,0,L
Match date: 08-10-2022 / 17:00,BOURNEMOUTH,1,44,9,4,2,3,16,3,24,4,8,0,1,0,1,46,44,2,1,7,2,5,2,0,2,13,5,8,4,4,8,8,4,5,3,0,3,0,2,0,3,0,0,2,2,0,2,2,2,3,0,3,15,9,0,1,1,0,W
Match date: 08-10-2022 / 17:00,LEICESTER,2,56,10,5,2,3,11,0,15,2,16,0,2,0,0,54,56,1,2,2,1,1,0,0,0,8,5,3,8,8,4,7,5,5,4,1,3,1,0,0,0,0,0,2,0,1,1,3,2,4,0,4,6,9,2,0,0,2,L
Match date: 08-10-2022 / 19:30,BRIGHTON,1,58,14,4,5,5,16,2,18,2,9,0,1,0,0,55,58,2,3,6,5,1,1,1,0,17,10,7,3,6,5,11,8,6,14,7,7,0,0,1,1,0,0,2,0,3,2,3,1,4,0,4,7,11,0,0,0,1,L
Match date: 08-10-2022 / 19:30,TOTTENHAM,2,42,8,3,4,1,11,2,14,4,14,0,2,1,0,45,42,1,0,2,1,1,6,3,3,6,5,1,5,9,4,7,6,2,7,4,3,1,0,0,2,0,0,3,1,2,2,3,0,3,0,3,5,9,0,2,2,0,W
Match date: 09-10-2022 / 16:00,CRYSTAL PALACE,1,55,13,5,5,3,25,2,30,3,13,0,3,1,1,59,55,0,3,5,1,4,5,1,4,15,4,11,8,5,11,14,1,12,7,4,3,1,1,2,0,0,0,2,1,0,5,1,4,4,0,4,10,20,3,1,2,1,W
Match date: 09-10-2022 / 16:00,LEEDS,2,45,10,4,2,4,15,2,32,3,23,0,3,0,0,41,45,2,2,3,1,2,2,1,1,12,7,5,9,14,10,5,7,3,9,2,7,1,0,2,0,0,0,0,3,2,0,3,1,4,0,4,19,13,3,0,0,3,L
Match date: 09-10-2022 / 16:00,WEST HAM,1,51,17,8,3,6,9,1,16,1,9,0,1,0,1,52,51,3,3,4,3,1,0,0,0,14,8,6,6,3,6,3,9,8,6,3,3,1,2,0,1,0,0,1,0,2,1,4,4,3,0,3,9,7,1,0,0,1,W
Match date: 09-10-2022 / 16:00,FULHAM,2,49,7,2,3,2,10,2,17,5,7,0,3,1,0,48,49,0,2,2,1,1,4,2,2,10,3,7,4,3,6,4,3,4,7,4,3,1,0,2,0,0,0,3,2,1,2,2,0,4,0,4,9,8,0,0,1,2,L
Match date: 09-10-2022 / 18:30,ARSENAL,1,44,11,7,1,3,17,3,14,1,11,0,1,2,0,38,44,0,3,4,1,3,4,2,2,12,3,9,5,6,10,7,3,8,4,3,1,2,1,1,2,0,0,1,0,0,1,3,4,3,0,3,5,9,1,4,1,0,W
Match date: 09-10-2022 / 18:30,LIVERPOOL,2,56,8,3,2,3,14,6,29,4,11,0,2,1,1,62,56,1,2,3,2,1,1,1,0,16,7,9,5,6,6,8,5,3,3,0,3,1,1,5,1,0,0,1,3,2,0,2,1,5,1,4,14,15,3,0,1,1,L
Match date: 09-10-2022 / 21:00,EVERTON,1,39,12,2,3,7,17,1,12,2,7,0,2,0,0,30,39,0,7,5,0,5,0,0,0,21,2,19,2,5,7,10,1,11,9,2,7,1,0,0,1,0,0,2,0,0,3,1,1,4,0,4,4,8,2,0,0,2,L
Match date: 09-10-2022 / 21:00,MANCHESTER UTD,2,61,12,4,5,3,8,4,17,1,13,0,1,2,0,70,61,3,0,4,1,3,1,0,1,11,7,4,4,9,2,6,8,4,13,2,11,2,0,3,1,0,0,0,1,1,4,4,0,3,1,2,11,6,0,0,0,1,W
Match date: 10-10-2022 / 22:00,NOTTINGHAM FOREST,1,39,6,3,1,2,22,0,22,1,13,0,3,1,0,44,39,1,1,1,1,0,3,1,2,12,6,6,7,6,11,11,3,3,7,2,5,1,0,0,0,0,0,0,1,0,1,2,1,3,0,3,16,6,0,0,2,1,D
Match date: 10-10-2022 / 22:00,ASTON VILLA,2,61,12,2,1,9,13,3,19,2,19,0,3,0,0,56,61,5,4,4,2,2,1,0,1,20,7,13,9,10,7,6,6,6,3,0,3,1,0,2,1,0,0,1,1,0,1,1,1,3,0,3,11,8,0,0,1,2,D
Match date: 14-10-2022 / 22:00,BRENTFORD,1,27,8,3,4,1,18,0,13,7,12,0,3,1,0,36,27,0,1,2,1,1,1,0,1,9,6,3,6,6,10,8,5,3,7,4,3,1,1,0,0,0,0,3,4,3,1,2,1,5,0,5,10,3,3,3,1,2,W
Match date: 14-10-2022 / 22:00,BRIGHTON,2,73,20,7,2,11,12,3,17,1,15,0,1,0,0,64,73,5,6,11,4,7,0,0,0,30,11,19,9,6,6,6,9,11,6,5,1,0,0,1,2,0,0,1,0,1,1,3,4,3,0,3,7,10,0,0,1,0,L
Match date: 15-10-2022 / 14:30,LEICESTER,1,53,13,6,4,3,14,2,24,1,17,0,2,0,0,54,53,1,2,9,2,7,2,1,1,19,8,11,9,8,6,8,3,10,6,4,2,0,0,1,1,0,0,0,1,0,4,2,4,4,0,4,18,6,0,0,0,2,D
Match date: 15-10-2022 / 14:30,CRYSTAL PALACE,2,47,8,1,4,3,19,1,16,6,13,0,2,0,0,46,47,2,1,2,0,2,0,0,0,8,3,5,6,7,10,9,5,3,7,1,6,0,0,0,1,0,0,2,4,3,1,0,1,4,0,4,6,10,4,0,2,0,D
Match date: 15-10-2022 / 17:00,WOLVERHAMPTON,1,58,9,2,4,3,14,2,19,1,17,0,2,0,0,62,58,2,1,4,3,1,7,5,2,18,14,4,7,10,5,9,6,,10,2,8,0,1,1,1,0,,1,0,4,0,0,2,5,0,5,11,8,0,3,0,,W
Match date: 15-10-2022 / 17:00,NOTTINGHAM FOREST,2,42,10,2,5,3,19,1,18,1,13,0,2,0,0,38,42,2,1,5,3,2,4,1,3,20,8,12,5,8,8,11,4,,8,5,3,0,0,0,1,0,,0,1,1,4,1,1,4,0,4,9,9,0,0,1,,L
Match date: 15-10-2022 / 17:00,FULHAM,1,70,18,4,5,9,11,1,20,4,9,0,2,1,0,65,70,7,2,5,4,1,1,0,1,39,15,24,4,5,5,6,12,6,6,3,3,1,1,0,1,0,0,2,2,3,2,2,2,4,0,4,9,11,0,0,1,1,D
Match date: 15-10-2022 / 17:00,BOURNEMOUTH,2,30,10,6,4,0,10,0,13,2,11,0,0,2,0,35,30,0,0,6,2,4,1,0,1,8,3,5,5,6,4,6,5,5,9,3,6,2,0,0,0,0,0,1,1,1,3,4,2,4,0,4,11,2,1,4,0,0,D
Match date: 15-10-2022 / 19:30,TOTTENHAM,1,62,20,7,6,7,13,0,21,0,12,0,1,0,1,60,62,4,3,7,4,3,1,0,1,28,17,11,9,3,5,8,10,10,6,4,2,0,2,0,0,0,0,0,0,5,1,1,6,5,0,5,11,10,0,2,1,0,W
Match date: 15-10-2022 / 19:30,EVERTON,2,38,4,0,3,1,12,0,9,5,13,0,4,0,0,40,38,1,0,1,1,0,2,2,0,9,2,7,5,8,9,3,4,0,7,4,3,0,0,0,0,0,0,1,4,3,0,0,0,3,0,3,3,6,3,0,2,2,L
Match date: 16-10-2022 / 16:00,ASTON VILLA,1,41,18,7,7,4,12,3,23,2,12,0,0,0,0,40,41,2,2,7,1,6,0,0,0,25,11,14,7,5,6,6,11,7,2,1,1,0,0,1,2,0,0,1,1,3,4,6,1,3,0,3,12,11,3,3,0,0,L
Match date: 16-10-2022 / 16:00,CHELSEA,2,59,8,4,3,1,15,1,19,7,11,0,3,0,0,60,59,0,1,1,0,1,0,0,0,5,0,5,6,5,8,7,4,4,10,4,6,1,1,0,1,0,0,6,1,2,1,2,2,5,0,5,12,7,0,3,1,2,W
Match date: 16-10-2022 / 16:00,LEEDS,1,47,16,4,5,7,11,4,14,3,10,0,0,0,0,34,47,5,2,6,2,4,2,1,1,17,4,13,4,6,4,7,8,8,5,3,2,0,0,3,1,0,0,3,0,2,3,1,3,4,0,4,6,8,0,0,0,0,L
Match date: 16-10-2022 / 16:00,ARSENAL,2,53,9,4,2,3,14,0,22,4,11,0,2,1,0,66,53,2,1,3,1,2,4,2,2,6,3,3,4,7,7,7,7,2,8,3,5,1,0,0,0,0,0,1,3,1,1,4,0,4,0,4,10,12,0,2,0,2,W
Match date: 16-10-2022 / 16:00,MANCHESTER UTD,1,63,15,2,8,5,11,2,14,2,13,0,3,0,0,62,63,1,4,4,3,1,4,3,1,21,9,12,5,8,5,6,,,8,2,6,0,0,1,1,0,,2,0,4,4,1,1,1,0,1,11,3,0,1,0,,D
Match date: 16-10-2022 / 16:00,NEWCASTLE,2,37,9,2,5,2,15,0,15,2,11,0,1,0,0,38,37,2,0,4,3,1,2,2,0,16,9,7,5,6,6,9,,,11,7,4,0,0,0,0,0,,1,1,3,2,2,0,5,0,5,9,6,4,1,1,,D
Match date: 16-10-2022 / 16:00,SOUTHAMPTON,1,40,9,7,1,1,3,1,17,3,7,0,1,0,0,43,40,1,0,4,3,1,1,0,1,16,9,7,4,3,2,1,7,2,12,7,5,1,0,0,1,0,0,0,3,0,1,6,1,5,1,4,13,4,2,0,1,0,D
Match date: 16-10-2022 / 16:00,WEST HAM,2,60,24,4,9,11,8,0,17,6,3,0,1,0,1,57,60,3,8,14,4,10,1,0,1,30,13,17,2,1,4,4,11,13,3,1,2,0,1,0,0,0,0,5,1,8,1,0,4,3,0,3,6,11,0,1,0,1,D
Match date: 16-10-2022 / 18:30,LIVERPOOL,1,36,13,2,8,3,7,3,13,5,10,0,3,0,1,46,36,1,2,5,4,1,10,3,7,18,12,6,1,9,3,4,3,10,7,3,4,0,1,1,2,0,0,3,2,1,7,1,1,5,0,5,7,6,0,1,0,3,W
Match date: 16-10-2022 / 18:30,MANCHESTER CITY,2,64,16,5,4,7,13,0,18,1,7,0,1,0,0,54,64,3,4,6,1,5,6,4,2,31,13,18,3,4,2,11,8,8,10,3,7,0,0,0,0,0,0,1,0,2,2,3,2,1,0,1,6,12,0,1,0,1,L
Match date: 18-10-2022 / 21:30,BRIGHTON,1,,,,,,,,,,,,,,,,,,,,,,,,,,,,,,,,,,,,,,,,,,,,,,,,,,,,,,,,,,
Match date: 18-10-2022 / 21:30,NOTTINGHAM FOREST,2,,,,,,,,,,,,,,,,,,,,,,,,,,,,,,,,,,,,,,,,,,,,,,,,,,,,,,,,,,
Match date: 18-10-2022 / 22:15,CRYSTAL PALACE,1,53,14,4,5,5,22,0,22,3,14,0,3,0,2,56,53,1,4,4,3,1,1,0,1,18,12,6,7,7,14,8,6,8,4,1,3,0,2,0,0,0,0,1,2,4,1,1,3,3,0,3,10,12,1,1,2,1,W
Match date: 18-10-2022 / 22:15,WOLVERHAMPTON,2,47,10,4,5,1,14,4,17,2,18,0,1,1,0,44,47,0,1,2,1,1,1,1,0,10,3,7,12,6,7,7,4,6,10,8,2,1,0,2,2,0,0,1,1,2,3,2,2,4,0,4,7,10,4,0,1,0,L
Match date: 19-10-2022 / 21:30,BOURNEMOUTH,1,54,14,3,8,3,13,2,24,2,8,0,1,0,0,47,54,2,1,7,2,5,0,0,0,23,7,16,3,5,10,3,6,8,3,1,2,0,0,2,0,0,0,1,1,3,5,1,2,4,0,4,13,11,0,0,1,0,L
Match date: 19-10-2022 / 21:30,SOUTHAMPTON,2,46,8,3,2,3,10,0,21,3,13,0,3,1,0,53,46,1,2,3,0,3,1,0,1,13,7,6,10,3,5,5,3,5,12,3,9,1,0,0,0,0,0,1,2,0,2,2,1,5,0,5,15,6,0,4,2,1,W
Match date: 19-10-2022 / 21:30,BRENTFORD,1,34,8,5,2,1,7,2,18,5,7,0,0,0,0,36,34,0,1,6,3,3,1,0,1,19,11,8,3,4,4,3,2,6,5,2,3,0,0,1,1,0,0,1,4,0,2,2,3,4,0,4,12,6,3,0,0,0,D
Match date: 19-10-2022 / 21:30,CHELSEA,2,66,14,5,3,6,9,0,17,5,7,0,0,0,0,64,66,0,6,2,0,2,1,0,1,17,6,11,4,3,4,5,3,11,8,4,4,0,0,0,0,0,0,2,3,2,1,1,4,5,1,4,7,10,3,0,0,0,D
Match date: 19-10-2022 / 21:30,LIVERPOOL,1,53,22,7,8,7,8,1,21,2,9,0,0,1,0,64,53,2,5,8,2,6,4,1,3,20,12,8,6,3,5,3,11,11,6,2,4,1,0,0,1,0,0,0,2,5,3,4,3,5,0,5,9,12,0,0,0,0,W
Match date: 19-10-2022 / 21:30,WEST HAM,2,47,8,3,4,1,10,0,21,6,8,0,0,0,0,36,47,1,0,3,1,2,4,1,3,11,4,7,5,3,6,4,3,5,9,6,3,0,0,0,0,0,0,3,3,1,3,1,2,2,0,2,8,13,0,3,0,0,L
Match date: 19-10-2022 / 21:30,NEWCASTLE,1,49,16,4,9,3,15,0,19,0,9,0,2,1,0,58,49,0,3,8,4,4,8,4,4,14,6,8,7,2,5,10,8,8,1,0,1,1,0,0,0,0,0,0,0,5,4,3,1,4,0,4,9,10,0,7,2,0,W
Match date: 19-10-2022 / 21:30,EVERTON,2,51,1,0,1,0,9,3,30,3,12,0,4,0,0,42,51,0,0,2,1,1,5,1,4,5,1,4,4,8,7,2,1,0,12,6,6,0,0,1,2,0,0,2,1,1,0,0,0,3,0,3,15,15,3,3,2,2,L
Match date: 19-10-2022 / 22:15,MANCHESTER UTD,1,51,25,10,8,7,7,4,16,2,7,0,1,0,1,53,51,5,2,8,6,2,2,0,2,13,11,2,2,5,2,5,16,9,6,4,2,0,2,1,3,0,0,1,1,6,2,5,5,3,0,3,6,10,3,3,0,1,W
Match date: 19-10-2022 / 22:15,TOTTENHAM,2,49,7,2,3,2,11,0,17,8,7,0,0,0,0,47,49,1,1,3,0,3,1,1,0,14,3,11,2,5,3,8,5,2,12,8,4,0,0,0,0,0,0,5,3,3,0,1,1,5,0,5,8,9,3,0,0,0,L
Match date: 20-10-2022 / 21:30,FULHAM,1,61,17,7,5,5,14,0,24,6,11,0,0,0,0,55,61,4,1,9,5,4,4,3,1,18,8,10,5,6,4,10,13,4,4,2,2,1,2,0,0,0,0,5,1,3,2,6,1,5,0,5,15,9,0,0,0,0,W
Match date: 20-10-2022 / 21:30,ASTON VILLA,2,39,10,6,2,2,11,3,17,5,11,1,2,0,0,45,39,1,1,7,4,3,1,1,0,19,10,9,3,8,5,6,7,3,10,4,6,0,0,1,2,0,1,5,0,1,1,5,1,4,0,4,10,7,3,0,0,2,L
Match date: 20-10-2022 / 22:15,LEICESTER,1,47,6,1,2,3,13,4,17,2,15,0,2,1,0,49,47,1,2,2,1,1,5,4,1,12,8,4,6,9,7,6,3,3,8,4,4,2,0,2,2,0,0,0,2,1,1,1,0,4,0,4,8,9,0,3,0,2,W
Match date: 20-10-2022 / 22:15,LEEDS,2,53,15,2,8,5,19,2,28,0,11,0,1,0,0,51,53,1,4,9,3,6,9,4,5,15,4,11,5,6,8,11,4,11,7,4,3,0,0,2,0,0,0,0,0,3,5,0,2,5,0,5,12,16,3,0,1,0,L
Match date: 22-10-2022 / 14:30,NOTTINGHAM FOREST,1,25,10,7,1,2,8,3,13,7,14,0,2,0,0,26,25,0,2,2,0,2,8,3,5,6,2,4,8,6,3,5,3,7,11,7,4,0,1,2,1,0,0,2,5,0,1,3,4,4,0,4,5,8,0,3,0,2,W
Match date: 22-10-2022 / 14:30,LIVERPOOL,2,75,16,7,8,1,17,0,30,6,8,0,1,0,0,74,75,1,0,11,4,7,1,0,1,32,10,22,3,5,10,7,5,11,1,0,1,0,0,0,0,0,0,3,3,2,6,2,5,3,0,3,14,16,3,1,0,1,L
Match date: 22-10-2022 / 17:00,EVERTON,1,47,9,6,1,2,16,1,23,2,16,0,3,1,1,51,47,1,1,3,3,0,0,0,0,11,10,1,8,8,8,8,5,4,6,2,4,1,2,0,1,0,0,2,0,1,0,3,3,5,0,5,15,8,1,1,0,3,W
Match date: 22-10-2022 / 17:00,CRYSTAL PALACE,2,53,9,2,4,3,17,2,23,3,14,0,4,0,0,49,53,1,2,4,1,3,0,0,0,9,3,6,6,8,8,9,4,5,5,4,1,0,0,2,0,0,0,2,1,1,3,2,0,3,0,3,11,12,2,0,0,4,L
Match date: 22-10-2022 / 17:00,MANCHESTER CITY,1,48,10,4,3,3,16,0,9,1,11,0,1,1,1,55,48,1,2,6,3,3,3,2,1,15,11,4,3,8,9,7,4,6,9,3,6,2,1,0,0,0,0,0,1,1,2,2,2,3,0,3,6,3,0,1,0,1,W
Match date: 22-10-2022 / 17:00,BRIGHTON,2,52,9,2,4,3,11,4,22,1,12,0,3,0,1,45,52,1,2,3,1,2,2,0,2,13,3,10,7,5,3,8,3,6,9,5,4,0,1,2,2,0,0,0,1,2,2,0,2,5,0,5,11,11,1,1,1,2,L
Match date: 22-10-2022 / 19:30,CHELSEA,1,47,6,2,3,1,13,2,20,5,8,0,1,0,0,46,47,0,1,6,1,5,1,1,0,15,4,11,3,5,7,6,3,3,11,5,6,0,1,1,1,0,0,4,1,2,1,1,1,4,1,3,13,7,0,0,0,1,D
Match date: 22-10-2022 / 19:30,MANCHESTER UTD,2,53,13,6,6,1,10,3,25,1,10,0,4,0,1,54,53,1,0,4,3,1,1,1,0,7,1,6,5,5,4,6,8,5,8,6,2,0,1,2,1,0,0,1,0,3,3,4,2,4,0,4,11,14,0,2,1,3,D
Match date: 23-10-2022 / 16:00,WOLVERHAMPTON,1,61,21,5,8,8,16,3,17,0,10,0,2,0,0,64,61,6,2,9,4,5,0,0,0,25,14,11,5,5,10,6,13,8,4,2,2,0,0,1,2,0,0,0,0,3,5,4,1,4,0,4,11,6,0,0,1,1,L
Match date: 23-10-2022 / 16:00,LEICESTER,2,39,5,4,1,0,13,3,21,5,13,0,1,1,2,36,39,0,0,2,1,1,6,3,3,7,5,2,8,5,6,7,2,3,11,3,8,2,2,2,1,0,0,4,1,0,1,2,2,5,0,5,10,11,0,0,0,1,W
Match date: 23-10-2022 / 16:00,SOUTHAMPTON,1,40,10,3,3,4,11,4,17,2,11,0,2,0,1,39,40,4,0,9,6,3,0,0,0,21,9,12,3,8,8,3,5,5,7,3,4,0,1,1,3,0,0,2,0,0,3,1,2,3,0,3,9,8,0,3,0,2,D
Match date: 23-10-2022 / 16:00,ARSENAL,2,60,12,3,4,5,15,3,21,2,8,0,1,1,0,61,60,3,2,4,2,2,3,2,1,8,2,6,5,3,4,11,8,4,2,0,2,1,0,3,0,0,0,1,1,2,2,3,0,3,0,3,9,12,0,1,1,0,D
Match date: 23-10-2022 / 16:00,ASTON VILLA,1,45,19,11,3,5,12,0,21,3,14,0,1,2,0,51,45,4,1,7,5,2,4,2,2,11,8,3,4,10,6,6,15,,8,3,5,3,1,0,0,0,,1,2,3,0,8,3,5,0,5,11,10,1,1,1,,W
Match date: 23-10-2022 / 16:00,BRENTFORD,2,55,12,3,5,4,14,1,31,7,11,0,0,0,0,49,55,3,1,6,3,3,0,0,0,18,8,10,5,6,4,10,6,,3,3,0,0,0,1,0,0,,5,2,2,3,1,2,5,0,5,15,16,1,0,0,,L
Match date: 23-10-2022 / 16:00,LEEDS,1,58,14,5,5,4,12,4,26,1,12,0,1,0,1,57,58,3,1,3,1,2,5,1,4,17,8,9,8,4,6,6,5,,4,2,2,1,1,2,2,0,,1,0,1,4,1,4,4,0,4,14,12,3,0,1,,L
Match date: 23-10-2022 / 16:00,FULHAM,2,42,10,4,2,4,16,4,22,3,8,0,1,1,2,43,42,2,2,6,3,3,8,4,4,19,10,9,4,4,10,6,4,,9,3,6,1,2,2,2,0,,0,3,0,2,2,2,4,0,4,6,16,3,0,0,,W
Match date: 23-10-2022 / 18:30,TOTTENHAM,1,51,17,5,4,8,10,3,25,3,12,0,4,0,1,49,51,7,1,6,1,5,5,3,2,18,10,8,4,8,4,6,13,4,6,2,4,0,1,2,1,0,0,1,2,3,1,3,2,4,0,4,11,14,0,0,1,3,L
Match date: 23-10-2022 / 18:30,NEWCASTLE,2,49,12,5,3,4,15,4,18,4,6,0,2,1,0,51,49,1,3,7,3,4,1,1,0,14,6,8,1,5,6,9,5,7,9,3,6,2,0,3,1,0,0,3,1,1,2,3,2,3,0,3,10,8,0,3,0,2,W
Match date: 24-10-2022 / 22:00,WEST HAM,1,54,20,4,7,9,11,1,24,3,9,0,0,1,0,61,54,5,4,5,4,1,3,0,3,23,12,11,2,7,4,7,12,8,5,3,2,1,1,1,0,0,0,2,1,5,2,2,2,3,0,3,12,12,0,0,0,0,W
Match date: 24-10-2022 / 22:00,BOURNEMOUTH,2,46,5,3,2,0,10,0,19,2,11,0,2,0,0,39,46,0,0,0,0,0,2,2,0,14,3,11,4,7,3,7,3,2,11,4,7,0,0,0,0,0,0,1,1,1,1,2,1,4,1,3,12,7,7,0,0,2,L
Match date: 29-10-2022 / 14:30,LEICESTER,1,34,10,5,4,1,12,0,10,4,5,0,0,0,0,34,34,0,1,3,1,2,3,3,0,6,2,4,0,5,4,8,2,8,14,10,4,0,0,0,0,0,0,4,0,1,3,1,4,3,0,3,6,4,0,1,0,0,L
Match date: 29-10-2022 / 14:30,MANCHESTER CITY,2,66,16,5,7,4,5,2,13,5,10,0,0,0,0,66,66,2,2,10,9,1,2,1,1,27,23,4,3,7,0,5,10,6,7,2,5,0,1,1,1,0,0,1,4,4,3,4,1,2,0,2,9,4,0,0,0,0,W
Match date: 29-10-2022 / 17:00,BOURNEMOUTH,1,31,6,4,1,1,8,0,11,4,10,0,1,1,1,37,31,1,0,2,2,0,2,1,1,11,5,6,4,6,5,3,4,2,11,4,7,1,1,0,0,0,0,2,2,1,0,2,2,3,0,3,4,7,3,3,0,1,L
Match date: 29-10-2022 / 17:00,TOTTENHAM,2,69,17,7,8,2,10,3,12,2,5,0,2,0,2,63,69,0,2,19,7,12,0,0,0,41,20,21,2,3,4,6,4,13,5,3,2,0,3,3,0,0,0,1,1,2,6,2,5,5,0,5,5,7,0,0,0,2,W
Match date: 29-10-2022 / 17:00,BRIGHTON,1,41,19,9,7,3,6,0,12,6,16,0,1,1,0,52,41,1,2,8,7,1,2,0,2,21,16,5,4,12,3,3,9,10,9,5,4,3,1,0,0,0,0,4,2,4,3,4,5,3,0,3,6,6,0,4,0,1,W
Match date: 29-10-2022 / 17:00,CHELSEA,2,59,15,7,4,4,16,0,22,7,6,0,2,0,1,48,59,1,3,7,4,3,3,2,1,21,8,13,3,3,4,12,6,9,9,6,3,0,1,0,0,0,0,3,4,1,3,4,3,5,0,5,11,11,0,0,1,1,L
Match date: 29-10-2022 / 17:00,CRYSTAL PALACE,1,45,11,3,4,4,15,5,9,4,13,0,3,1,0,50,45,3,1,8,6,2,7,4,3,13,11,2,6,7,11,4,9,2,8,2,6,1,0,1,4,0,0,0,4,3,1,3,0,3,0,3,5,4,0,2,1,2,W
Match date: 29-10-2022 / 17:00,SOUTHAMPTON,2,55,15,4,7,4,18,3,21,2,12,0,3,0,0,50,55,2,2,4,1,3,1,0,1,19,5,14,9,3,7,11,4,11,7,5,2,0,0,2,1,0,0,2,0,2,5,0,4,4,0,4,9,12,0,0,3,0,L
Match date: 29-10-2022 / 17:00,BRENTFORD,1,59,11,3,4,4,18,0,24,3,10,0,3,0,1,58,59,1,3,3,0,3,0,0,0,15,7,8,3,7,7,11,3,8,9,5,4,0,1,0,0,0,0,0,3,2,2,0,3,5,1,4,13,11,4,1,0,3,D
Match date: 29-10-2022 / 17:00,WOLVERHAMPTON,2,41,14,4,7,3,10,1,16,2,17,1,3,0,1,42,41,2,1,6,3,3,6,3,3,16,6,10,6,11,3,7,7,7,7,5,2,0,1,1,0,0,1,0,2,5,2,0,4,2,1,1,8,8,4,6,2,1,D
Match date: 29-10-2022 / 17:00,NEWCASTLE,1,60,20,7,10,3,14,2,24,0,11,0,1,0,2,58,60,1,2,3,0,3,6,1,5,19,8,11,8,3,8,6,6,14,1,0,1,1,3,2,0,0,0,0,0,2,8,3,4,6,0,6,14,10,0,3,0,1,W
Match date: 29-10-2022 / 17:00,ASTON VILLA,2,40,3,0,0,3,13,3,21,3,11,0,1,0,0,42,40,3,0,0,0,0,1,1,0,8,6,2,7,4,10,3,3,0,9,4,5,0,0,1,2,0,0,2,1,0,0,0,0,5,1,4,10,11,5,4,1,0,L
Match date: 29-10-2022 / 19:30,FULHAM,1,56,24,6,10,8,12,0,23,4,10,0,2,0,0,55,56,3,5,13,7,6,0,0,0,31,9,22,4,6,4,8,11,13,3,1,2,0,0,0,0,0,0,4,0,4,6,4,2,3,0,3,7,16,1,0,1,1,D
Match date: 29-10-2022 / 19:30,EVERTON,2,44,9,4,3,2,10,5,17,6,7,0,1,0,0,45,44,2,0,4,4,0,1,0,1,14,11,3,4,3,4,6,8,1,13,7,6,0,0,0,5,0,0,4,2,2,1,4,0,4,0,4,10,7,1,0,0,1,D
Match date: 29-10-2022 / 21:45,LIVERPOOL,1,69,23,10,10,3,3,0,19,4,9,0,0,1,0,69,69,0,3,14,7,7,5,2,3,30,12,18,6,3,2,1,6,17,5,4,1,1,0,0,0,0,0,2,2,3,7,3,7,3,0,3,13,6,0,3,0,0,L
Match date: 29-10-2022 / 21:45,LEEDS,2,31,14,6,6,2,9,0,32,9,3,0,1,0,1,31,31,1,1,4,0,4,3,2,1,11,3,8,2,1,6,3,9,5,10,2,8,1,1,0,0,0,0,2,7,5,1,3,3,3,0,3,12,20,2,4,0,1,W
Match date: 30-10-2022 / 16:00,ARSENAL,1,69,24,9,5,10,10,1,19,2,9,0,0,1,3,72,69,6,4,9,5,4,4,3,1,25,15,10,5,4,7,3,10,,4,2,2,1,4,0,1,0,,1,1,3,2,1,8,5,1,4,13,6,7,0,0,,W
Match date: 30-10-2022 / 16:00,NOTTINGHAM FOREST,2,31,6,2,3,1,10,2,13,4,8,0,1,0,0,28,31,1,0,4,1,3,3,2,1,8,2,6,6,2,5,5,4,,11,7,4,0,0,1,1,0,,0,4,2,1,1,1,5,0,5,7,6,0,1,1,,L
Match date: 30-10-2022 / 18:15,MANCHESTER UTD,1,53,16,3,7,6,12,1,13,4,12,0,1,1,0,55,53,3,3,5,3,2,4,1,3,21,11,10,7,5,7,5,9,,8,4,4,1,0,1,0,0,,0,4,3,4,3,0,2,0,2,7,6,0,0,0,,W
Match date: 30-10-2022 / 18:15,WEST HAM,2,47,13,4,2,7,13,2,19,2,10,0,3,0,0,45,47,3,4,10,2,8,2,2,0,26,6,20,6,4,8,5,3,,6,2,4,0,0,1,1,0,,2,0,0,2,0,4,3,0,3,12,7,0,0,1,,L
Match date: 05-11-2022 / 17:00,NOTTINGHAM FOREST,1,48,15,6,6,3,13,0,32,0,10,0,2,1,0,38,48,0,3,3,1,2,1,1,0,16,4,12,8,2,6,7,6,9,6,3,3,1,1,0,0,0,0,0,0,0,6,6,0,4,0,4,14,18,2,1,2,0,D
Match date: 05-11-2022 / 17:00,BRENTFORD,2,52,5,2,2,1,10,2,23,5,11,0,2,0,1,62,52,1,0,3,2,1,0,0,0,7,3,4,6,5,8,2,2,3,12,2,10,1,1,0,2,0,0,5,0,0,2,1,1,5,0,5,15,8,0,3,1,1,D
Match date: 05-11-2022 / 17:00,MANCHESTER CITY,1,71,16,5,5,6,11,3,22,1,6,1,2,1,0,72,71,3,3,9,7,2,3,1,2,29,16,13,4,2,5,6,10,6,2,1,1,1,1,2,1,1,0,0,1,3,2,4,1,3,0,3,7,15,0,0,1,1,W
Match date: 05-11-2022 / 17:00,FULHAM,2,29,4,2,1,1,9,0,11,3,11,0,4,0,0,28,29,0,1,0,0,0,1,0,1,5,0,5,5,6,6,3,1,3,8,4,4,1,0,0,0,0,0,3,0,0,1,1,1,4,0,4,5,6,0,1,2,2,L
Match date: 05-11-2022 / 17:00,LEEDS,1,63,14,4,4,6,10,0,17,3,16,0,2,0,2,60,63,1,5,13,5,8,2,1,1,30,15,15,8,8,6,4,3,11,1,0,1,1,3,0,0,0,0,3,0,1,3,1,3,4,0,4,6,11,6,0,0,2,W
Match date: 05-11-2022 / 17:00,BOURNEMOUTH,2,37,8,6,1,1,16,0,17,0,10,0,2,1,1,40,37,1,0,3,3,0,4,3,1,7,5,2,6,4,8,8,6,2,8,2,6,2,1,0,0,0,0,0,0,0,1,5,1,3,0,3,8,9,3,4,1,1,L
Match date: 05-11-2022 / 17:00,WOLVERHAMPTON,1,29,8,5,1,2,12,1,9,5,15,1,2,1,0,30,29,0,2,4,0,4,1,1,0,13,4,9,8,7,4,8,2,,8,3,5,2,0,0,1,1,,1,4,0,1,2,3,4,0,4,5,4,3,0,0,,L
Match date: 05-11-2022 / 17:00,BRIGHTON,2,71,18,8,7,3,16,1,17,3,11,0,0,2,0,70,71,2,1,9,5,4,0,0,0,18,7,11,4,7,8,8,7,,3,1,2,2,1,0,1,0,,0,3,2,5,3,5,4,0,4,8,9,0,0,0,,W
Match date: 05-11-2022 / 19:30,EVERTON,1,49,13,2,6,5,6,0,20,6,9,0,0,0,0,47,49,2,3,8,3,5,3,2,1,29,10,19,5,4,4,2,8,5,12,7,5,0,0,0,0,0,0,3,3,5,1,1,1,5,0,5,8,12,3,1,0,0,L
Match date: 05-11-2022 / 19:30,LEICESTER,2,51,22,8,7,7,9,1,18,2,5,0,0,1,1,53,51,6,1,3,2,1,9,3,6,15,7,8,4,1,5,4,15,7,5,4,1,1,1,0,1,0,0,1,1,5,2,4,4,4,0,4,11,7,0,0,0,0,W
Match date: 06-11-2022 / 14:00,CHELSEA,1,44,5,1,1,3,13,3,16,1,20,0,5,0,0,39,44,1,2,4,1,3,1,1,0,15,7,8,10,10,7,6,3,2,14,6,8,0,0,0,3,0,0,0,1,1,0,1,0,4,0,4,9,7,0,0,1,4,L
Match date: 06-11-2022 / 14:00,ARSENAL,2,56,14,2,9,3,23,0,13,1,13,0,2,0,1,61,56,2,1,6,3,3,1,0,1,22,11,11,7,6,10,13,7,7,5,2,3,0,1,0,0,0,0,1,0,5,4,0,2,3,0,3,6,7,0,1,1,1,W
Match date: 06-11-2022 / 16:00,SOUTHAMPTON,1,56,16,5,6,5,11,4,17,0,7,0,1,0,1,49,56,2,3,8,3,5,2,2,0,25,12,13,4,3,5,6,4,12,4,2,2,0,1,1,3,0,0,0,0,1,5,1,4,5,1,4,9,8,5,0,0,1,L
Match date: 06-11-2022 / 16:00,NEWCASTLE,2,44,7,4,2,1,11,1,17,4,10,0,0,0,3,51,44,1,0,2,2,0,2,0,2,10,10,0,4,6,5,6,4,3,7,1,6,1,3,1,0,0,0,1,3,2,0,1,3,5,0,5,10,7,3,1,0,0,W
Match date: 06-11-2022 / 16:00,ASTON VILLA,1,42,6,4,2,0,15,0,14,3,6,0,3,1,1,50,42,0,0,3,1,2,1,0,1,2,2,0,3,3,7,8,4,2,5,2,3,2,1,0,0,0,0,2,1,2,0,2,2,5,0,5,7,7,0,5,1,2,W
Match date: 06-11-2022 / 16:00,MANCHESTER UTD,2,58,7,3,1,3,6,3,21,1,12,0,3,0,0,50,58,2,1,5,3,2,0,0,0,16,11,5,5,7,3,3,4,3,8,6,2,1,0,2,1,0,0,0,1,0,1,2,1,3,0,3,11,10,0,3,1,2,L
Match date: 06-11-2022 / 16:00,WEST HAM,1,41,5,2,3,0,7,4,11,4,10,0,1,1,0,36,41,0,0,2,0,2,2,1,1,11,8,3,4,6,4,3,3,2,6,3,3,1,0,1,3,0,0,3,1,2,1,1,1,4,0,4,8,3,0,3,0,1,L
Match date: 06-11-2022 / 16:00,CRYSTAL PALACE,2,59,15,6,2,7,14,0,18,1,7,0,1,1,1,64,59,3,4,5,3,2,6,1,5,9,7,2,4,3,5,9,8,7,4,2,2,1,1,0,0,0,0,0,1,1,1,4,2,1,0,1,6,12,0,2,0,1,W
Match date: 06-11-2022 / 18:30,TOTTENHAM,1,47,14,5,6,3,10,1,20,4,10,0,0,0,1,36,47,1,2,5,0,5,1,1,0,31,3,28,6,4,5,5,3,11,4,2,2,0,1,1,0,0,0,2,2,0,6,2,3,3,0,3,12,8,0,0,0,0,L
Match date: 06-11-2022 / 18:30,LIVERPOOL,2,53,13,6,3,4,11,2,14,4,8,0,0,1,0,64,53,4,0,3,2,1,5,3,2,13,8,5,5,3,7,4,9,4,11,3,8,2,0,0,2,0,0,2,2,1,2,4,2,4,0,4,10,4,1,0,0,0,W
Match date: 12-11-2022 / 14:30,MANCHESTER CITY,1,75,28,6,9,13,9,2,17,6,9,0,2,1,0,73,75,8,5,10,6,4,7,4,3,38,18,20,3,6,3,6,14,14,3,2,1,1,0,1,1,0,0,3,3,4,5,2,4,1,0,1,12,5,0,3,1,1,L
Match date: 12-11-2022 / 14:30,BRENTFORD,2,25,10,8,1,1,11,2,7,5,7,0,2,1,1,27,25,1,0,2,1,1,2,0,2,10,5,5,3,4,4,7,6,4,16,8,8,1,1,0,2,0,0,1,4,1,0,4,4,3,0,3,4,3,0,0,0,2,W
Match date: 12-11-2022 / 17:00,WEST HAM,1,54,20,6,10,4,8,2,28,4,9,0,3,0,0,48,54,1,3,7,1,6,0,0,0,21,7,14,2,7,4,4,8,12,3,1,2,0,0,2,0,0,0,3,1,4,6,3,3,2,1,1,14,14,4,0,1,2,L
Match date: 12-11-2022 / 17:00,LEICESTER,2,46,9,6,2,1,11,0,26,6,8,0,1,1,1,52,46,0,1,2,2,0,5,2,3,7,3,4,4,4,4,7,5,4,12,4,8,1,1,0,0,0,0,3,3,1,1,4,2,5,1,4,16,10,2,3,0,1,W
Match date: 12-11-2022 / 17:00,BOURNEMOUTH,1,36,17,9,4,4,9,1,14,3,12,0,2,1,1,38,36,3,1,3,2,1,4,1,3,7,4,3,8,4,4,5,10,7,15,8,7,2,1,0,1,0,0,1,2,1,3,6,3,3,0,3,9,5,5,0,2,0,W
Match date: 12-11-2022 / 17:00,EVERTON,2,64,15,3,6,6,13,1,15,6,8,0,0,0,0,62,64,4,2,5,2,3,0,0,0,22,10,12,3,5,8,5,7,8,6,1,5,0,0,1,0,0,0,4,2,2,4,1,2,4,1,3,5,10,2,0,0,0,L
Match date: 12-11-2022 / 17:00,TOTTENHAM,1,55,15,8,3,4,8,0,27,2,8,0,1,0,1,55,55,2,2,9,6,3,3,2,1,18,9,9,4,4,3,5,7,8,5,1,4,1,3,0,0,0,0,2,0,1,2,4,4,4,0,4,11,16,2,0,0,1,W
Match date: 12-11-2022 / 17:00,LEEDS,2,45,12,5,2,5,8,1,17,4,7,1,1,2,1,45,45,1,4,2,1,1,2,0,2,5,2,3,2,5,4,4,5,7,6,4,2,2,1,1,0,0,1,3,1,0,2,4,1,4,0,4,4,13,3,0,0,1,L
Match date: 12-11-2022 / 17:00,NOTTINGHAM FOREST,1,32,8,2,6,0,13,3,21,0,11,0,1,0,0,35,32,0,0,1,1,0,9,2,7,12,4,8,5,6,7,6,2,6,7,4,3,0,1,2,1,0,0,0,0,2,4,0,2,4,0,4,10,11,0,9,0,1,W
Match date: 12-11-2022 / 17:00,CRYSTAL PALACE,2,68,7,0,6,1,14,0,20,1,13,0,4,0,0,65,68,0,1,5,3,2,1,1,0,13,5,8,7,6,7,7,4,3,11,3,8,0,0,0,0,0,0,0,1,4,2,0,0,5,0,5,13,7,3,0,1,3,L
Match date: 12-11-2022 / 17:00,LIVERPOOL,1,60,16,7,6,3,10,0,19,4,8,0,0,3,0,66,60,1,2,6,0,6,6,3,3,23,13,10,3,5,4,6,9,,9,3,6,3,0,0,0,0,,0,4,1,5,7,0,5,0,5,10,9,0,0,0,,W
Match date: 12-11-2022 / 17:00,SOUTHAMPTON,2,40,10,5,4,1,8,2,15,4,8,0,2,1,0,34,40,1,0,0,0,0,1,1,0,16,9,7,3,5,3,5,4,,11,4,7,1,0,1,1,0,,4,0,2,2,1,4,5,0,5,6,9,0,1,1,,L
Match date: 12-11-2022 / 19:30,NEWCASTLE,1,49,10,3,3,4,11,3,22,2,14,0,5,0,1,57,49,3,1,5,3,2,1,0,1,17,9,8,9,5,4,7,5,5,7,1,6,0,1,2,1,0,0,1,1,2,1,0,3,3,0,3,11,11,3,4,0,5,W
Match date: 12-11-2022 / 19:30,CHELSEA,2,51,5,2,2,1,17,0,21,2,11,0,2,0,0,43,51,0,1,3,1,2,3,1,2,11,3,8,4,7,11,6,1,4,6,3,3,0,0,0,0,0,0,0,2,0,2,1,1,5,1,4,13,8,2,3,1,1,L
Match date: 12-11-2022 / 21:45,WOLVERHAMPTON,1,37,11,2,6,3,7,3,18,2,5,0,3,0,0,29,37,1,2,6,3,3,3,1,2,13,5,8,2,3,3,4,3,8,7,6,1,0,0,3,0,0,0,0,2,2,4,0,2,3,0,3,9,9,0,0,2,1,L
Match date: 12-11-2022 / 21:45,ARSENAL,2,63,13,4,6,3,8,1,13,2,6,0,2,0,1,71,63,2,1,4,2,2,1,0,1,24,14,10,2,4,5,3,6,7,4,1,3,0,2,1,0,0,0,0,2,4,2,0,4,4,1,3,6,7,3,1,0,2,W
Match date: 13-11-2022 / 16:00,BRIGHTON,1,65,6,2,1,3,12,3,24,0,14,0,2,0,0,57,65,1,2,11,8,3,0,0,0,20,8,12,6,8,4,8,2,4,4,1,3,1,0,1,2,0,0,0,0,0,1,1,1,4,1,3,12,12,1,1,0,2,L
Match date: 13-11-2022 / 16:00,ASTON VILLA,2,35,7,2,3,2,17,1,22,1,11,0,7,0,1,43,35,2,0,4,3,1,1,1,0,3,3,0,4,7,7,10,4,3,8,1,7,1,1,0,1,0,0,0,1,1,2,1,1,5,0,5,11,11,1,2,1,6,W
Match date: 13-11-2022 / 18:30,FULHAM,1,52,14,7,5,2,12,1,21,7,9,0,1,0,0,52,52,0,2,10,3,7,3,1,2,28,12,16,4,5,4,8,4,10,5,2,3,0,1,1,0,0,0,3,4,2,3,2,5,2,0,2,10,11,0,0,1,0,L
Match date: 13-11-2022 / 18:30,MANCHESTER UTD,2,48,14,9,3,2,10,2,16,6,10,0,1,0,1,48,48,1,1,3,2,1,5,2,3,13,5,8,3,7,5,5,7,7,7,3,4,1,1,1,1,0,0,2,4,2,1,4,5,2,0,2,7,9,0,0,0,1,W
Match date: 26-12-2022 / 14:30,BRENTFORD,1,39,9,5,3,1,14,1,16,6,11,0,3,0,1,43,39,0,1,6,5,1,2,2,0,19,13,6,2,9,8,6,4,5,4,0,4,1,1,1,0,0,0,3,3,0,3,4,1,3,0,3,12,4,1,0,0,3,D
Match date: 26-12-2022 / 14:30,TOTTENHAM,2,61,16,8,3,5,12,4,24,3,10,0,1,0,1,57,61,3,2,5,1,4,1,1,0,28,9,19,8,2,3,9,6,10,5,2,3,0,2,0,4,0,0,3,0,0,3,3,5,2,0,2,12,12,0,1,0,1,D
Match date: 26-12-2022 / 17:00,LEICESTER,1,61,8,2,2,4,7,3,23,2,9,0,0,0,0,46,61,1,3,5,3,2,0,0,0,13,7,6,2,7,5,2,2,6,7,4,3,0,0,0,3,0,0,1,1,1,1,0,2,4,1,3,10,13,2,0,0,0,L
Match date: 26-12-2022 / 17:00,NEWCASTLE,2,39,11,5,3,3,12,1,22,2,6,0,0,2,0,54,39,2,1,5,2,3,3,3,0,7,2,5,5,1,2,10,7,4,6,2,4,3,0,0,1,0,0,0,2,1,2,4,1,4,0,4,15,7,2,3,0,0,W
Match date: 26-12-2022 / 17:00,CRYSTAL PALACE,1,37,4,0,3,1,17,1,13,8,12,2,0,0,0,45,37,0,1,1,1,0,2,1,1,6,3,3,8,4,10,7,2,2,5,2,3,0,0,1,0,1,1,1,7,2,1,0,0,5,0,5,6,7,0,0,1,0,L
Match date: 26-12-2022 / 17:00,FULHAM,2,63,23,11,6,6,13,2,19,0,15,0,0,1,0,55,63,1,5,7,3,4,1,0,1,33,10,23,8,7,9,4,5,18,3,3,0,1,2,2,0,0,0,0,0,2,4,2,9,5,0,5,8,11,0,1,0,0,W
Match date: 26-12-2022 / 17:00,EVERTON,1,59,12,5,5,2,24,1,18,2,9,0,1,1,0,59,59,0,2,2,1,1,2,0,2,16,4,12,3,6,11,13,4,8,5,3,2,1,0,1,0,0,0,1,1,0,5,4,1,4,0,4,5,13,0,3,1,0,L
Match date: 26-12-2022 / 17:00,WOLVERHAMPTON,2,41,7,4,1,2,10,2,28,4,22,0,6,1,0,41,41,1,1,2,2,0,3,1,2,8,5,3,10,12,4,6,3,4,6,1,5,1,1,1,1,0,0,3,1,0,1,2,2,5,0,5,15,13,0,2,0,6,W
Match date: 26-12-2022 / 17:00,SOUTHAMPTON,1,34,14,4,7,3,11,0,22,2,9,0,1,0,0,30,34,1,2,4,3,1,1,0,1,18,11,7,4,5,5,6,7,7,4,2,2,0,1,0,0,0,0,2,0,4,3,2,2,5,0,5,8,14,0,2,0,1,L
Match date: 26-12-2022 / 17:00,BRIGHTON,2,66,7,4,2,1,9,1,21,3,10,0,2,1,1,70,66,0,1,2,1,1,4,3,1,10,6,4,4,6,4,5,4,3,5,2,3,2,1,1,0,0,0,2,1,1,1,3,1,4,0,4,8,13,0,0,0,2,W
Match date: 26-12-2022 / 19:30,ASTON VILLA,1,47,12,6,3,3,15,3,13,6,7,0,0,0,1,39,47,0,3,0,0,0,5,2,3,26,6,20,5,2,10,5,4,8,12,6,6,0,1,1,2,0,0,4,2,1,2,3,3,3,0,3,7,6,1,2,0,0,L
Match date: 26-12-2022 / 19:30,LIVERPOOL,2,53,16,9,6,1,10,3,15,5,12,0,0,2,0,61,53,0,1,6,3,3,13,7,6,26,16,10,7,5,6,4,8,8,3,0,3,2,1,3,0,0,0,3,2,2,4,6,3,5,0,5,8,7,0,0,0,0,W
Match date: 26-12-2022 / 22:00,ARSENAL,1,68,16,5,6,5,16,3,9,3,14,0,0,0,3,72,68,3,2,7,2,5,2,2,0,23,14,9,5,9,9,7,6,10,5,2,3,0,3,2,1,0,0,1,2,2,4,1,4,3,0,3,7,2,0,0,0,0,W
Match date: 26-12-2022 / 22:00,WEST HAM,2,32,8,4,4,0,17,0,15,2,16,0,2,0,0,28,32,0,0,5,2,3,0,0,0,12,7,5,9,7,7,10,3,5,7,4,3,1,0,0,0,0,0,1,1,1,3,2,2,2,0,2,6,9,0,0,2,0,L
Match date: 27-12-2022 / 19:30,CHELSEA,1,62,15,5,6,4,11,3,11,4,8,0,0,2,0,68,62,1,3,6,3,3,1,0,1,19,11,8,6,2,7,4,7,8,4,1,3,2,0,2,1,0,0,1,3,2,4,4,1,4,0,4,5,6,2,3,0,0,W
Match date: 27-12-2022 / 19:30,BOURNEMOUTH,2,38,9,4,4,1,11,1,13,3,10,0,0,0,0,32,38,0,1,8,3,5,0,0,0,19,6,13,6,4,8,3,1,8,9,3,6,0,0,1,0,0,0,2,1,0,4,1,3,3,0,3,4,9,1,0,0,0,L
Match date: 27-12-2022 / 22:00,MANCHESTER UTD,1,66,17,8,3,6,6,1,15,3,13,0,3,2,1,71,66,2,4,9,2,7,3,2,1,21,9,12,8,5,2,4,6,11,5,2,3,2,1,0,1,0,0,1,2,1,2,3,5,5,0,5,8,7,0,0,1,2,W
Match date: 27-12-2022 / 22:00,NOTTINGHAM FOREST,2,34,8,3,3,2,14,2,23,5,4,0,1,0,0,29,34,1,1,9,3,6,0,0,0,16,7,9,1,3,8,6,2,6,7,3,4,0,0,1,1,0,0,1,4,0,3,1,2,5,0,5,8,15,0,1,1,0,L
Match date: 28-12-2022 / 22:00,LEEDS,1,31,9,1,4,4,15,0,17,6,11,0,3,0,1,25,31,0,4,3,0,3,0,0,0,7,2,5,6,5,3,12,1,8,9,7,2,0,1,0,0,0,0,4,2,1,3,0,1,5,0,5,10,7,0,0,0,3,L
Match date: 28-12-2022 / 22:00,MANCHESTER CITY,2,69,26,9,12,5,11,1,20,0,14,0,3,0,2,75,69,2,3,5,3,2,0,0,0,13,9,4,3,11,6,5,16,10,6,2,4,1,2,0,1,0,0,0,0,9,3,5,4,3,0,3,9,11,1,0,0,3,W
Match date: 30-12-2022 / 21:45,WEST HAM,1,63,20,5,8,7,5,0,28,3,9,0,1,0,0,62,63,3,4,8,4,4,0,0,0,29,15,14,3,6,3,2,9,11,6,3,3,0,0,0,0,0,0,2,1,4,4,2,3,2,0,2,18,10,1,0,0,1,L
Match date: 30-12-2022 / 21:45,BRENTFORD,2,37,9,6,2,1,9,0,13,5,5,0,0,1,0,38,37,0,1,1,0,1,0,0,0,7,1,6,3,2,3,6,4,5,12,5,7,2,0,0,0,0,0,2,3,0,2,4,2,4,0,4,7,6,1,3,0,0,W
Match date: 30-12-2022 / 22:00,LIVERPOOL,1,58,21,5,8,8,20,2,18,1,8,0,0,0,0,58,58,4,4,4,2,2,4,2,2,23,11,12,4,4,9,11,9,12,6,3,3,2,0,1,1,0,0,0,1,4,4,1,4,4,0,4,11,7,0,1,0,0,W
Match date: 30-12-2022 / 22:00,LEICESTER,2,42,7,2,3,2,10,5,14,5,15,0,1,1,0,42,42,1,1,5,3,2,5,2,3,14,6,8,7,8,5,5,2,5,11,7,4,1,0,2,3,0,0,1,4,0,3,1,1,3,1,2,7,7,2,0,0,1,L
Match date: 31-12-2022 / 14:30,WOLVERHAMPTON,1,46,10,3,1,6,13,1,18,5,11,0,1,0,0,47,46,4,2,7,2,5,2,2,0,16,6,10,5,6,4,9,5,5,6,2,4,0,0,1,0,0,0,2,3,0,1,1,2,5,0,5,9,9,1,4,1,0,L
Match date: 31-12-2022 / 14:30,MANCHESTER UTD,2,54,16,6,5,5,12,2,18,3,11,0,3,0,1,53,54,3,2,5,3,2,3,2,1,12,7,5,3,8,6,6,7,9,2,2,0,0,1,1,1,0,0,1,2,2,3,2,4,5,0,5,14,4,1,0,0,3,W
Match date: 31-12-2022 / 17:00,MANCHESTER CITY,1,74,13,3,4,6,16,3,25,0,13,0,3,1,0,68,74,2,4,7,3,4,0,0,0,32,14,18,8,5,7,9,5,8,1,0,1,1,0,1,2,0,0,0,0,2,2,1,2,3,0,3,9,16,3,3,3,0,D
Match date: 31-12-2022 / 17:00,EVERTON,2,26,2,1,0,1,16,2,9,2,14,0,4,0,1,32,26,0,1,1,0,1,1,0,1,6,3,3,5,9,9,7,0,2,6,2,4,0,1,2,0,0,0,0,2,0,0,0,1,4,0,4,4,5,0,6,2,2,D
Match date: 31-12-2022 / 17:00,NEWCASTLE,1,59,16,5,9,2,19,4,35,1,13,0,3,0,0,50,59,2,0,9,4,5,4,4,0,18,8,10,7,6,8,11,9,7,4,3,1,0,0,1,3,0,0,0,1,4,5,3,2,3,0,3,16,19,0,0,1,2,D
Match date: 31-12-2022 / 17:00,LEEDS,2,41,8,1,3,4,17,0,17,5,19,0,5,0,0,50,41,3,1,3,3,0,3,2,1,6,6,0,8,11,8,9,6,2,11,7,4,0,0,0,0,0,0,3,2,3,0,0,1,5,0,5,10,7,0,0,1,4,D
Match date: 31-12-2022 / 17:00,FULHAM,1,63,8,2,5,1,13,1,31,2,8,0,0,0,1,71,63,1,0,4,1,3,5,2,3,11,4,7,5,3,6,7,4,4,6,4,2,1,1,1,0,0,0,2,0,3,2,0,2,3,0,3,14,17,0,0,0,0,W
Match date: 31-12-2022 / 17:00,SOUTHAMPTON,2,37,9,3,4,2,9,0,30,1,13,0,1,0,0,29,37,1,1,4,2,2,7,4,3,10,5,5,6,7,6,3,6,3,7,4,3,0,1,0,0,0,0,0,1,3,1,2,1,5,0,5,12,18,0,2,0,1,L
Match date: 31-12-2022 / 17:00,BOURNEMOUTH,1,59,6,2,3,1,12,1,41,4,17,0,4,0,0,55,59,0,1,2,1,1,2,1,1,20,5,15,8,9,6,6,1,5,6,3,3,0,0,0,1,0,0,2,2,1,2,0,2,4,1,3,20,21,3,0,2,2,L
Match date: 31-12-2022 / 17:00,CRYSTAL PALACE,2,41,15,6,3,6,18,1,29,2,11,0,1,2,0,45,41,4,2,7,3,4,10,4,6,15,7,8,6,5,8,10,10,5,5,2,3,2,0,0,1,0,0,0,2,2,1,4,2,3,0,3,15,14,0,0,0,1,W
Match date: 31-12-2022 / 19:30,BRIGHTON,1,68,9,5,2,2,11,5,26,3,7,0,3,0,1,65,68,1,1,7,3,4,2,2,0,16,5,11,2,5,6,5,3,6,5,1,4,0,2,2,3,0,0,1,2,0,2,2,3,3,0,3,11,15,0,0,1,2,L
Match date: 31-12-2022 / 19:30,ARSENAL,2,32,14,7,3,4,12,0,13,3,11,0,3,0,1,35,32,4,0,4,4,0,2,1,1,5,4,1,6,5,4,8,8,6,8,2,6,2,2,0,0,0,0,2,1,1,2,3,4,4,0,4,6,7,0,0,2,1,W
Match date: 01-01-2023 / 16:00,TOTTENHAM,1,59,4,2,1,1,10,1,21,2,15,0,4,0,0,58,59,0,1,5,3,2,2,0,2,14,6,8,7,8,5,5,2,2,4,2,2,0,0,0,1,0,0,0,2,0,1,2,0,5,0,5,10,11,0,0,3,1,L
Match date: 01-01-2023 / 16:00,ASTON VILLA,2,41,13,4,4,5,16,0,20,2,10,0,3,0,2,42,41,1,4,3,0,3,0,0,0,7,2,5,5,5,7,9,3,10,7,3,4,0,2,0,0,0,0,2,0,2,2,0,4,5,0,5,11,9,3,2,0,3,W
Match date: 01-01-2023 / 18:30,NOTTINGHAM FOREST,1,28,12,5,4,3,16,2,21,1,16,0,2,0,1,20,28,1,2,1,0,1,8,5,3,15,5,10,9,7,6,10,3,9,4,2,2,0,1,0,2,0,0,1,0,0,4,2,3,3,0,3,10,11,0,0,1,1,D
Match date: 01-01-2023 / 18:30,CHELSEA,2,72,7,2,2,3,18,2,20,4,14,0,2,0,0,80,72,3,0,2,2,0,1,1,0,15,9,6,5,9,9,9,6,1,6,3,3,1,0,1,1,0,0,2,2,1,1,2,0,5,0,5,11,9,0,0,0,2,D
Match date: 02-01-2023 / 19:30,BRENTFORD,1,27,10,7,1,2,12,7,14,5,5,0,1,1,0,25,27,2,0,4,3,1,5,1,4,17,9,8,2,3,3,9,9,1,4,0,4,2,1,5,2,0,0,3,2,1,0,6,1,5,0,5,10,4,0,0,1,0,W
Match date: 02-01-2023 / 19:30,LIVERPOOL,2,73,16,6,2,8,12,4,28,5,8,0,3,0,1,75,73,4,4,9,3,6,2,2,0,32,15,17,2,6,7,5,7,9,4,3,1,0,1,1,3,0,0,5,0,0,2,3,3,4,0,4,12,16,0,0,1,2,L
Match date: 03-01-2023 / 21:45,LEICESTER,1,61,14,4,6,4,12,0,25,1,12,0,2,0,0,52,61,3,1,6,2,4,1,1,0,19,8,11,6,6,4,8,5,9,9,7,2,0,0,0,0,0,0,1,0,2,4,0,4,3,1,2,13,12,2,0,0,2,L
Match date: 03-01-2023 / 21:45,FULHAM,2,39,10,2,5,3,12,1,25,4,11,0,6,1,0,48,39,2,1,3,3,0,2,1,1,12,9,3,4,7,6,6,8,2,9,4,5,1,0,0,1,0,0,0,4,4,1,2,0,3,0,3,12,13,6,9,0,6,W
Match date: 03-01-2023 / 21:45,EVERTON,1,49,10,4,5,1,10,1,15,4,8,0,3,0,0,54,49,1,0,5,5,0,3,1,2,20,16,4,5,3,7,3,6,4,9,4,5,0,1,0,1,0,0,0,4,2,3,3,1,5,0,5,10,5,0,1,0,3,L
Match date: 03-01-2023 / 21:45,BRIGHTON,2,51,19,8,6,5,9,0,20,3,10,0,1,1,1,46,51,3,2,2,1,1,7,4,3,10,5,5,7,3,5,4,7,12,7,3,4,1,3,0,0,0,0,3,0,3,3,1,7,5,0,5,9,11,2,0,1,0,W
Match date: 03-01-2023 / 21:45,ARSENAL,1,67,17,4,7,6,20,1,13,1,10,0,4,0,0,63,67,3,3,5,0,5,4,2,2,16,5,11,8,2,10,10,7,10,5,2,3,0,0,1,0,0,0,1,0,3,4,1,3,1,0,1,9,4,0,3,3,1,D
Match date: 03-01-2023 / 21:45,NEWCASTLE,2,33,8,1,5,2,11,4,11,4,16,0,5,0,0,37,33,2,0,5,2,3,3,0,3,16,9,7,8,8,9,2,6,2,12,6,6,0,0,2,2,0,0,1,3,3,2,1,0,3,0,3,4,7,3,4,2,3,D
Match date: 03-01-2023 / 22:00,MANCHESTER UTD,1,59,18,6,6,6,9,0,12,4,13,0,0,1,2,69,59,2,4,6,1,5,2,0,2,19,10,9,8,5,6,3,5,13,3,2,1,1,2,0,0,0,0,0,4,2,4,1,5,5,1,4,6,6,2,3,0,0,W
Match date: 03-01-2023 / 22:00,BOURNEMOUTH,2,41,7,4,2,1,13,2,10,3,7,0,3,0,0,31,41,1,0,5,3,2,0,0,0,12,6,6,4,3,8,5,2,5,7,1,6,0,0,2,0,0,0,0,3,1,1,0,4,4,0,4,7,3,0,0,1,2,L
Match date: 04-01-2023 / 21:30,SOUTHAMPTON,1,62,8,0,6,2,16,1,30,0,14,0,2,0,0,54,62,0,2,6,1,5,0,0,0,23,5,18,8,6,11,5,3,5,7,5,2,0,0,0,1,0,0,0,0,3,3,0,0,5,1,4,14,16,5,3,1,1,L
Match date: 04-01-2023 / 21:30,NOTTINGHAM FOREST,2,38,11,1,8,2,15,0,15,0,16,0,2,1,0,46,38,0,2,2,2,0,2,0,2,14,9,5,11,5,8,7,7,4,11,5,6,1,0,0,0,0,0,0,0,6,2,1,0,5,0,5,9,6,0,4,2,0,W
Match date: 04-01-2023 / 21:45,LEEDS,1,63,14,6,6,2,21,3,23,0,11,0,3,1,1,61,63,1,1,8,3,5,2,1,1,21,9,12,4,7,10,11,4,10,13,6,7,1,1,1,2,0,0,0,0,1,5,2,4,4,0,4,11,12,0,0,2,1,D
Match date: 04-01-2023 / 21:45,WEST HAM,2,37,15,2,10,3,14,3,25,4,18,0,1,0,0,39,37,2,1,1,1,0,1,1,0,14,11,3,8,10,5,9,7,8,12,4,8,1,1,2,1,0,0,1,3,4,6,1,1,4,0,4,14,11,1,3,0,1,D
Match date: 04-01-2023 / 22:00,ASTON VILLA,1,56,10,3,3,4,16,1,18,2,6,0,1,0,1,46,56,0,4,7,2,5,1,0,1,23,4,19,2,4,8,8,2,8,6,4,2,0,1,0,1,0,0,1,1,1,2,1,2,4,0,4,7,11,0,0,0,1,D
Match date: 04-01-2023 / 22:00,WOLVERHAMPTON,2,44,7,3,2,2,7,4,14,2,12,0,3,1,0,54,44,0,2,8,6,2,2,0,2,12,9,3,6,6,2,5,2,5,9,4,5,1,0,2,2,0,0,1,1,0,2,2,1,5,0,5,7,7,3,0,2,1,D
Match date: 04-01-2023 / 22:00,CRYSTAL PALACE,1,47,19,4,9,6,10,1,12,2,11,0,1,0,0,45,47,4,2,10,5,5,0,0,0,20,11,9,4,7,7,3,9,10,6,3,3,0,0,0,1,0,0,1,1,3,6,2,2,3,0,3,7,5,0,0,0,1,L
Match date: 04-01-2023 / 22:00,TOTTENHAM,2,53,14,6,4,4,12,2,15,4,8,0,2,0,2,55,53,3,1,4,2,2,1,0,1,17,7,10,6,2,4,8,5,9,10,3,7,0,4,1,1,0,0,2,2,1,3,1,5,5,0,5,8,7,0,0,1,1,W
Match date: 05-01-2023 / 22:00,CHELSEA,1,47,8,2,4,2,10,2,15,1,9,0,2,0,0,47,47,2,0,3,2,1,0,0,0,11,5,6,4,5,6,4,4,4,7,3,4,0,0,1,1,0,0,0,1,1,3,1,1,5,2,3,7,8,5,0,0,2,L
Match date: 05-01-2023 / 22:00,MANCHESTER CITY,2,53,12,3,6,3,11,1,18,2,9,0,0,0,1,53,53,2,1,2,0,2,0,0,0,11,4,7,5,4,5,6,5,7,6,2,4,0,1,1,0,0,0,1,1,2,4,1,2,5,0,5,9,9,0,0,0,0,W
Match date: 12-01-2023 / 22:00,FULHAM,1,48,8,3,3,2,19,3,31,9,12,0,4,0,1,45,48,2,0,5,3,2,0,0,0,19,12,7,3,9,10,9,6,2,8,6,2,1,1,1,2,0,0,5,4,2,1,2,1,5,0,5,20,11,0,0,2,2,W
Match date: 12-01-2023 / 22:00,CHELSEA,2,52,20,10,3,7,15,3,13,1,16,1,3,0,0,55,52,6,1,7,4,3,1,0,1,14,9,5,9,7,4,11,14,6,2,1,1,0,1,1,2,0,1,1,0,3,0,5,5,5,0,5,7,6,0,1,1,2,L
Match date: 13-01-2023 / 22:00,ASTON VILLA,1,54,11,5,4,2,22,2,26,3,12,0,2,1,0,55,54,0,2,0,0,0,7,1,6,5,1,4,5,7,9,13,1,10,6,4,2,1,1,2,0,0,0,2,1,0,4,1,4,4,2,2,15,11,2,0,0,2,W
Match date: 13-01-2023 / 22:00,LEEDS,2,46,16,4,4,8,14,5,39,3,17,0,2,0,1,45,46,4,4,11,6,5,3,2,1,21,10,11,7,10,7,7,7,9,5,1,4,0,1,2,3,0,0,0,3,1,3,2,2,5,0,5,21,18,0,0,1,1,L
Match date: 14-01-2023 / 14:30,MANCHESTER UTD,1,30,8,4,1,3,7,6,13,0,15,0,3,0,2,32,30,1,2,1,0,1,8,3,5,6,2,4,5,10,4,3,4,4,3,2,1,0,2,3,3,0,0,0,0,1,0,2,2,5,0,5,7,6,2,1,0,3,W
Match date: 14-01-2023 / 14:30,MANCHESTER CITY,2,70,5,1,2,2,21,2,13,2,5,0,0,0,1,68,70,1,1,2,1,1,0,0,0,23,9,14,2,3,8,13,2,3,4,2,2,0,1,2,0,0,0,2,0,1,1,0,1,1,0,1,8,5,0,0,0,0,L
Match date: 14-01-2023 / 17:00,EVERTON,1,53,12,4,6,2,21,3,17,3,7,0,0,1,0,49,53,1,1,6,2,4,2,1,1,28,14,14,4,3,11,10,7,5,10,5,5,1,0,1,2,0,0,2,1,3,3,3,1,2,0,2,6,11,3,0,0,0,L
Match date: 14-01-2023 / 17:00,SOUTHAMPTON,2,47,13,5,2,6,10,2,15,3,19,0,3,0,1,51,47,3,3,4,2,2,3,1,2,8,4,4,9,10,5,5,6,7,10,5,5,0,2,2,0,0,0,2,1,1,1,2,3,5,0,5,7,8,0,0,1,2,W
Match date: 14-01-2023 / 17:00,BRIGHTON,1,62,16,9,3,4,17,4,21,2,8,0,1,0,2,65,62,2,2,7,4,3,10,7,3,16,11,5,6,2,8,9,6,10,4,2,2,0,3,2,2,0,0,0,2,1,2,3,6,5,0,5,12,9,3,0,1,0,W
Match date: 14-01-2023 / 17:00,LIVERPOOL,2,38,6,2,3,1,12,2,13,6,15,0,3,0,0,35,38,1,0,1,0,1,2,2,0,7,1,6,6,9,8,4,3,3,4,2,2,0,0,2,0,0,0,3,3,2,1,0,2,4,0,4,8,5,1,0,2,1,L
Match date: 14-01-2023 / 17:00,WOLVERHAMPTON,1,58,17,4,6,7,8,4,18,4,10,0,0,0,0,67,58,5,2,4,3,1,3,2,1,17,13,4,3,7,4,4,11,6,6,2,4,0,1,2,2,0,0,2,2,4,2,2,2,5,0,5,10,8,4,4,0,0,W
Match date: 14-01-2023 / 17:00,WEST HAM,2,42,16,4,4,8,14,1,23,3,7,0,2,0,0,33,42,2,6,3,0,3,2,0,2,32,9,23,4,3,5,9,4,12,4,3,1,0,0,0,1,0,0,2,1,0,4,2,2,2,0,2,12,11,0,0,0,2,L
Match date: 14-01-2023 / 17:00,NOTTINGHAM FOREST,1,39,14,5,4,5,13,2,15,1,11,0,1,0,2,46,39,1,4,3,2,1,6,1,5,17,10,7,5,6,7,6,5,9,5,2,3,0,2,1,1,0,0,1,0,2,2,2,3,4,0,4,6,9,3,1,0,1,W
Match date: 14-01-2023 / 17:00,LEICESTER,2,61,6,1,3,2,13,1,25,3,12,0,2,0,0,54,61,2,0,5,5,0,1,1,0,28,14,14,7,5,6,7,5,1,9,4,5,0,0,0,1,0,0,2,1,2,1,1,0,3,0,3,13,12,0,0,1,1,L
Match date: 14-01-2023 / 19:30,BRENTFORD,1,49,12,4,7,1,10,2,25,2,5,0,1,0,1,61,49,1,0,5,4,1,0,0,0,23,17,6,2,3,5,5,4,8,5,2,3,1,1,1,1,0,0,1,1,2,5,1,3,5,0,5,13,12,0,0,0,1,W
Match date: 14-01-2023 / 19:30,BOURNEMOUTH,2,51,7,2,3,2,7,1,21,2,9,0,1,0,0,39,51,1,1,3,1,2,3,1,2,13,4,9,4,5,3,4,3,4,9,3,6,0,0,1,0,0,0,0,2,1,2,1,1,3,1,2,8,13,13,0,1,0,L
Match date: 15-01-2023 / 16:00,CHELSEA,1,65,15,5,5,5,18,3,12,4,10,0,2,0,1,73,65,3,2,11,9,2,0,0,0,23,16,7,2,8,10,8,6,9,6,1,5,0,1,2,1,0,0,3,1,2,3,1,4,4,0,4,6,6,0,1,0,2,W
Match date: 15-01-2023 / 16:00,CRYSTAL PALACE,2,35,10,5,2,3,13,1,24,4,17,0,5,0,0,27,35,0,3,7,4,3,0,0,0,20,7,13,9,8,4,9,4,6,7,3,4,0,0,1,0,0,0,1,3,1,1,3,2,4,1,3,10,14,2,0,2,3,L
Match date: 15-01-2023 / 16:00,NEWCASTLE,1,63,21,5,7,9,17,2,19,0,6,0,1,0,1,57,63,5,4,10,7,3,2,1,1,25,15,10,3,3,8,9,11,10,4,2,2,0,1,1,1,0,0,0,0,2,5,4,1,4,0,4,9,10,2,0,0,1,W
Match date: 15-01-2023 / 16:00,FULHAM,2,37,4,0,3,1,8,3,19,4,14,0,3,0,0,43,37,1,0,5,2,3,2,1,1,15,9,6,6,8,4,4,2,2,11,3,8,0,0,2,1,0,0,4,0,1,2,0,0,5,0,5,13,6,0,1,0,3,L
Match date: 15-01-2023 / 18:30,TOTTENHAM,1,51,17,7,4,6,17,1,28,4,16,0,4,0,0,44,51,1,5,4,1,3,2,1,1,18,5,13,8,8,5,12,4,13,4,2,2,0,0,1,0,0,0,2,2,1,3,2,5,5,0,5,10,18,0,0,2,2,L
Match date: 15-01-2023 / 18:30,ARSENAL,2,49,14,5,6,3,17,2,19,7,15,0,2,1,0,56,49,2,1,3,2,1,1,0,1,14,10,4,5,10,9,8,9,5,3,0,3,2,0,0,2,0,0,2,5,4,2,3,2,4,0,4,8,11,0,0,0,2,W
Match date: 18-01-2023 / 22:00,CRYSTAL PALACE,1,40,8,5,2,1,11,0,22,2,9,0,1,0,0,38,40,1,0,3,1,2,4,3,1,14,4,10,3,6,4,7,2,6,9,6,3,0,1,0,0,0,0,1,1,0,2,1,4,4,0,4,10,12,0,3,0,1,D
Match date: 18-01-2023 / 22:00,MANCHESTER UTD,2,60,13,3,7,3,9,1,17,4,10,0,2,1,0,62,60,2,1,3,1,2,4,3,1,13,10,3,3,7,3,6,9,4,3,1,2,1,0,1,0,0,0,1,3,5,2,2,1,3,0,3,10,7,3,0,0,2,D
Match date: 19-01-2023 / 22:00,MANCHESTER CITY,1,58,16,6,5,5,15,0,22,1,10,0,1,0,2,61,58,3,2,8,7,1,4,3,1,22,15,7,6,4,11,4,7,9,4,2,2,0,4,0,0,0,0,1,0,2,3,2,4,3,0,3,7,15,0,0,1,0,W
Match date: 19-01-2023 / 22:00,TOTTENHAM,2,42,9,3,4,2,10,1,16,2,14,0,2,0,0,39,42,1,1,3,3,0,5,2,3,12,6,6,10,4,6,4,6,3,8,4,4,2,0,1,0,0,0,2,0,2,2,3,0,4,0,4,8,8,0,1,2,0,L
Match date: 21-01-2023 / 14:30,LIVERPOOL,1,48,11,3,5,3,10,5,19,2,16,0,3,0,0,50,48,0,3,5,2,3,3,0,3,14,2,12,10,6,5,5,4,7,12,6,6,0,0,3,2,0,0,2,0,3,2,1,2,5,0,5,9,10,0,0,1,2,D
Match date: 21-01-2023 / 14:30,CHELSEA,2,52,11,2,6,3,21,1,18,3,9,0,1,0,0,50,52,0,3,5,3,2,0,0,0,9,5,4,4,5,13,8,6,5,9,4,5,0,0,1,0,0,0,1,2,4,2,2,0,4,0,4,5,13,3,1,0,1,D
Match date: 21-01-2023 / 17:00,BOURNEMOUTH,1,42,16,4,7,5,9,2,19,4,10,0,1,1,0,46,42,1,4,4,2,2,4,3,1,17,10,7,4,6,4,5,9,7,11,7,4,1,0,0,2,0,0,2,2,4,3,4,0,2,0,2,7,12,1,2,1,0,D
Match date: 21-01-2023 / 17:00,NOTTINGHAM FOREST,2,58,20,5,9,6,12,2,17,3,7,0,2,0,1,54,58,3,3,6,3,3,1,0,1,33,15,18,3,4,4,8,9,11,8,5,3,0,1,1,1,0,0,3,0,4,5,2,3,5,1,4,10,7,1,1,1,1,D
Match date: 21-01-2023 / 17:00,WEST HAM,1,32,11,4,5,2,8,1,14,2,9,0,1,1,0,40,32,1,1,4,3,1,7,3,4,12,9,3,1,8,3,5,6,5,4,2,2,2,0,0,1,0,0,0,2,2,3,3,1,4,0,4,11,3,3,0,0,1,W
Match date: 21-01-2023 / 17:00,EVERTON,2,68,5,2,2,1,10,2,12,2,6,0,1,0,0,60,68,1,0,9,5,4,2,2,0,34,12,22,2,4,1,9,2,3,5,1,4,0,0,1,1,0,0,1,1,1,1,0,2,2,0,2,7,5,0,0,0,1,L
Match date: 21-01-2023 / 17:00,LEICESTER,1,36,7,2,1,4,11,0,18,2,9,0,0,0,0,41,36,2,2,5,3,2,2,1,1,7,4,3,6,3,3,8,4,3,10,3,7,1,1,0,0,0,0,0,2,1,0,1,1,3,1,2,7,11,1,0,0,0,D
Match date: 21-01-2023 / 17:00,BRIGHTON,2,64,12,4,5,3,9,2,22,0,9,0,1,1,1,59,64,2,1,6,4,2,0,0,0,16,8,8,2,7,6,3,5,7,1,1,0,1,1,1,1,0,0,0,0,2,3,1,3,3,1,2,5,17,3,0,0,1,D
Match date: 21-01-2023 / 17:00,SOUTHAMPTON,1,34,8,5,2,1,9,3,16,4,19,0,1,0,0,29,34,0,1,2,1,1,0,0,0,14,4,10,8,11,6,3,1,7,9,6,3,0,0,1,2,0,0,3,1,0,2,1,4,5,0,5,3,13,4,0,1,0,L
Match date: 21-01-2023 / 17:00,ASTON VILLA,2,66,16,5,8,3,22,0,21,5,9,0,2,0,1,71,66,1,2,2,1,1,0,0,0,14,10,4,6,3,9,13,9,7,2,0,2,0,1,0,0,0,0,1,4,5,3,3,2,3,0,3,11,10,0,0,0,2,W
